Batch Number,Avg Dryer Cycle Time (min),Avg Dryer Speed,Avg Dryer Temperature,Avg Crushing speed,Avg Crushing time (min),Avg Reactor Temperature,Avg Reaction Time (min),Material A,Material B,Solvent Amt,Catalyzer Type,Avg Crystallizer Cooling Rate,Avg Crystallizer Stirring Speed,Outcome
ACT-FH-0009-7998,147,22,71.35,14,90,81.17,241,A2,B1,Low,Standard,68.9,12,Good
ACT-FH-0016-1227,147,22,71.43,14,90,83.51,242,A1,B2,High,Enriched,60.7,12,Bad
ACT-FH-0031-8452,145,22,71.91,14,90,84.99,243,A1,B2,High,Enriched,66.6,12,Good
ACT-FH-0039-2635,144,22,72.02,14,90,85.22,244,A1,B2,Low,Standard,63.3,12,Good
ACT-FH-0041-6338,144,22,71.65,14,90,81.32,240,A1,B2,Low,Standard,63.8,12,Good
ACT-FH-0042-8950,146,22,70.83,14,90,82.62,242,A2,B2,Low,Enriched,60.7,12,Good
ACT-FH-0043-8145,146,22,70.55,14,90,84.04,240,A2,B2,Low,Enriched,69.3,12,Good
ACT-FH-0046-7348,144,22,70.22,14,90,81.65,242,A1,B2,Low,Standard,62.3,12,Bad
ACT-FH-0057-0447,148,22,72.29,14,90,83.43,244,A1,B2,High,Enriched,68.0,12,Good
ACT-FH-0077-3411,145,22,71.71,14,90,84.47,240,A2,B1,Low,Enriched,60.5,12,Good
ACT-FH-0082-1581,144,22,69.91,14,90,84.66,241,A1,B2,Low,Standard,60.7,12,Good
ACT-FH-0098-4665,145,22,69.77,14,90,82.49,242,A1,B2,Low,Enriched,67.6,12,Good
ACT-FH-0139-8501,147,22,70.7,14,90,84.83,242,A1,B2,Low,Enriched,68.5,12,Good
ACT-FH-0141-1017,145,22,70.19,14,90,83.97,240,A2,B1,High,Standard,67.2,12,Good
ACT-FH-0146-2800,145,22,70.71,14,90,81.78,240,A2,B2,High,Enriched,67.2,12,Bad
ACT-FH-0147-5071,144,22,69.43,14,90,83.21,242,A2,B2,Low,Standard,65.6,12,Good
ACT-FH-0165-4572,148,22,69.71,14,90,81.93,244,A2,B2,High,Standard,63.3,12,Good
ACT-FH-0166-1539,145,22,69.44,14,90,85.05,242,A2,B1,High,Enriched,65.3,12,Bad
ACT-FH-0173-2287,147,22,72.27,14,90,82.57,240,A1,B2,High,Enriched,64.8,12,Good
ACT-FH-0174-6803,148,22,69.21,14,90,84.63,240,A1,B1,Low,Enriched,63.0,12,Good
ACT-FH-0176-0505,145,22,70.78,14,90,83.17,240,A1,B2,Low,Standard,64.2,12,Good
ACT-FH-0181-4961,147,22,69.89,14,90,81.56,241,A2,B2,High,Enriched,66.8,12,Good
ACT-FH-0199-5752,148,22,71.17,14,90,80.82,240,A2,B2,High,Enriched,67.4,12,Good
ACT-FH-0202-1429,148,22,70.71,14,90,80.98,241,A2,B1,High,Enriched,62.6,12,Good
ACT-FH-0204-8773,144,22,71.13,14,90,83.73,243,A2,B1,Low,Standard,69.7,12,Good
ACT-FH-0205-8792,145,22,71.26,14,90,84.42,240,A1,B2,Low,Standard,61.8,12,Good
ACT-FH-0206-6302,145,22,70.93,14,90,84.23,244,A2,B1,High,Standard,69.5,12,Good
ACT-FH-0234-5276,146,22,71.65,14,90,84.83,244,A1,B2,High,Enriched,62.6,12,Bad
ACT-FH-0237-7890,148,22,69.88,14,90,81.25,243,A1,B1,High,Enriched,62.6,12,Good
ACT-FH-0238-5361,148,22,70.14,14,90,83.47,241,A1,B2,Low,Enriched,65.6,12,Good
ACT-FH-0241-3675,144,22,70.97,14,90,83.52,243,A1,B2,High,Enriched,61.1,12,Good
ACT-FH-0243-6220,147,22,69.15,14,90,81.59,242,A2,B2,Low,Standard,62.1,12,Bad
ACT-FH-0252-0226,144,22,70.91,14,90,81.08,241,A2,B1,Low,Enriched,62.4,12,Good
ACT-FH-0252-2192,148,22,69.58,14,90,80.88,242,A1,B1,Low,Enriched,62.4,12,Good
ACT-FH-0252-6826,148,22,72.46,14,90,82.41,240,A2,B2,Low,Enriched,64.5,12,Good
ACT-FH-0258-1234,148,22,71.88,14,90,83.5,242,A1,B1,Low,Standard,66.0,12,Good
ACT-FH-0258-8600,146,22,69.02,14,90,80.41,242,A2,B2,Low,Enriched,66.2,12,Bad
ACT-FH-0261-4627,144,22,69.87,14,90,84.27,240,A1,B1,Low,Standard,66.8,12,Good
ACT-FH-0279-7266,148,22,71.4,14,90,84.22,242,A1,B1,Low,Enriched,67.6,12,Good
ACT-FH-0283-4013,146,22,71.93,14,90,82.27,244,A2,B1,Low,Enriched,65.0,12,Good
ACT-FH-0306-6036,146,22,69.94,14,90,83.75,240,A2,B2,High,Standard,65.2,12,Good
ACT-FH-0313-2268,146,22,71.76,14,90,85.06,243,A1,B1,High,Enriched,62.8,12,Bad
ACT-FH-0322-9132,145,22,71.32,14,90,82.61,242,A2,B2,Low,Enriched,61.9,12,Bad
ACT-FH-0328-2334,144,22,71.8,14,90,81.93,240,A1,B2,High,Enriched,61.7,12,Bad
ACT-FH-0328-8465,147,22,72.09,14,90,85.08,240,A1,B2,High,Enriched,65.6,12,Good
ACT-FH-0332-7743,144,22,69.38,14,90,83.65,243,A1,B1,High,Enriched,66.8,12,Good
ACT-FH-0346-1890,146,22,70.64,14,90,84.49,244,A2,B1,Low,Enriched,60.6,12,Good
ACT-FH-0354-0183,147,22,69.11,14,90,83.06,240,A1,B2,High,Enriched,62.9,12,Good
ACT-FH-0362-8560,146,22,69.73,14,90,85.16,240,A2,B1,High,Standard,66.4,12,Good
ACT-FH-0365-4833,147,22,70.25,14,90,85.02,242,A1,B1,High,Standard,66.8,12,Good
ACT-FH-0389-3946,146,22,71.55,14,90,83.98,241,A1,B2,High,Enriched,61.0,12,Good
ACT-FH-0398-3911,148,22,70.09,14,90,83.34,240,A2,B1,High,Enriched,62.2,12,Good
ACT-FH-0402-5511,147,22,70.81,14,90,85.24,244,A2,B1,High,Standard,62.5,12,Good
ACT-FH-0416-6058,144,22,70.96,14,90,81.32,243,A2,B1,High,Standard,62.9,12,Good
ACT-FH-0426-1496,145,22,69.52,14,90,81.17,243,A2,B1,High,Enriched,62.3,12,Bad
ACT-FH-0429-0012,147,22,70.95,14,90,80.41,241,A2,B1,Low,Enriched,60.7,12,Good
ACT-FH-0449-9762,145,22,69.25,14,90,84.72,240,A2,B2,High,Standard,64.1,12,Good
ACT-FH-0452-3926,145,22,71.47,14,90,82.79,240,A1,B1,Low,Enriched,62.3,12,Bad
ACT-FH-0462-5563,146,22,70.58,14,90,80.71,240,A1,B1,High,Standard,68.9,12,Good
ACT-FH-0480-8242,145,22,71.3,14,90,83.68,243,A2,B1,High,Standard,60.4,12,Good
ACT-FH-0490-3481,146,22,70.66,14,90,81.1,242,A2,B1,High,Enriched,61.0,12,Good
ACT-FH-0491-8376,146,22,70.0,14,90,82.57,240,A2,B1,High,Enriched,69.4,12,Good
ACT-FH-0493-3302,146,22,70.06,14,90,85.19,244,A2,B2,Low,Enriched,69.3,12,Bad
ACT-FH-0537-4995,148,22,70.29,14,90,80.33,244,A1,B1,High,Standard,65.4,12,Good
ACT-FH-0541-0018,147,22,70.29,14,90,80.58,241,A2,B2,High,Enriched,65.8,12,Good
ACT-FH-0548-0691,146,22,72.45,14,90,82.09,244,A2,B1,Low,Standard,69.7,12,Good
ACT-FH-0596-0748,146,22,70.43,14,90,82.54,243,A2,B2,High,Standard,62.9,12,Good
ACT-FH-0603-1515,145,22,72.48,14,90,84.32,241,A1,B2,Low,Standard,63.7,12,Bad
ACT-FH-0610-3386,145,22,72.46,14,90,82.98,242,A2,B1,High,Standard,66.3,12,Good
ACT-FH-0611-0906,146,22,71.56,14,90,81.01,240,A1,B1,High,Enriched,64.0,12,Good
ACT-FH-0618-5626,148,22,72.06,14,90,82.09,243,A2,B2,High,Standard,61.1,12,Good
ACT-FH-0653-4533,144,22,71.93,14,90,83.24,243,A1,B1,Low,Standard,63.1,12,Good
ACT-FH-0656-1232,148,22,69.75,14,90,80.86,243,A2,B2,Low,Standard,62.2,12,Good
ACT-FH-0673-6843,148,22,70.97,14,90,82.93,240,A1,B2,High,Standard,69.6,12,Good
ACT-FH-0674-7477,145,22,71.44,14,90,83.6,241,A2,B2,High,Enriched,69.5,12,Good
ACT-FH-0678-5886,147,22,69.99,14,90,82.27,243,A1,B1,High,Enriched,61.2,12,Bad
ACT-FH-0679-2048,148,22,68.97,14,90,80.6,242,A1,B2,High,Standard,63.3,12,Good
ACT-FH-0699-9159,147,22,69.99,14,90,83.66,243,A1,B1,High,Enriched,63.5,12,Good
ACT-FH-0701-2953,145,22,70.4,14,90,82.95,240,A1,B1,High,Standard,66.0,12,Good
ACT-FH-0713-6310,146,22,71.64,14,90,82.24,241,A2,B2,Low,Enriched,66.9,12,Good
ACT-FH-0720-5599,148,22,71.1,14,90,83.56,240,A1,B2,High,Standard,63.8,12,Good
ACT-FH-0739-8370,146,22,70.56,14,90,82.81,240,A1,B2,Low,Enriched,68.7,12,Good
ACT-FH-0741-4727,146,22,70.48,14,90,80.53,241,A2,B2,Low,Standard,66.0,12,Good
ACT-FH-0758-4851,148,22,72.18,14,90,80.98,243,A1,B1,High,Enriched,61.8,12,Good
ACT-FH-0770-2798,148,22,70.64,14,90,84.68,242,A2,B1,High,Standard,64.6,12,Good
ACT-FH-0770-4494,145,22,69.94,14,90,81.51,243,A1,B2,High,Standard,69.3,12,Good
ACT-FH-0795-8217,146,22,70.58,14,90,81.83,243,A2,B1,High,Standard,66.8,12,Good
ACT-FH-0800-5800,145,22,69.21,14,90,83.44,243,A1,B1,High,Standard,69.3,12,Good
ACT-FH-0872-6200,145,22,70.71,14,90,83.32,244,A1,B1,High,Enriched,61.0,12,Good
ACT-FH-0873-3529,144,22,68.86,14,90,85.05,241,A2,B1,Low,Standard,64.7,12,Good
ACT-FH-0878-4946,145,22,71.89,14,90,85.18,243,A1,B2,High,Enriched,64.5,12,Good
ACT-FH-0879-0191,146,22,69.98,14,90,84.45,244,A1,B2,High,Enriched,63.7,12,Good
ACT-FH-0880-5848,146,22,70.8,14,90,81.53,243,A2,B1,Low,Standard,64.5,12,Good
ACT-FH-0884-2956,148,22,72.41,14,90,83.11,242,A1,B1,High,Enriched,64.2,12,Good
ACT-FH-0904-3571,146,22,70.87,14,90,83.84,241,A1,B1,Low,Standard,64.8,12,Good
ACT-FH-0905-2829,148,22,70.12,14,90,83.14,242,A2,B1,Low,Enriched,62.4,12,Good
ACT-FH-0905-8428,147,22,69.26,14,90,83.94,242,A1,B2,High,Standard,65.0,12,Good
ACT-FH-0932-0444,144,22,71.79,14,90,80.59,243,A2,B2,High,Standard,69.7,12,Good
ACT-FH-0938-9418,145,22,70.04,14,90,80.73,242,A2,B2,Low,Enriched,68.7,12,Good
ACT-FH-0953-4733,147,22,69.31,14,90,83.81,244,A1,B1,Low,Enriched,68.0,12,Good
ACT-FH-0953-7239,145,22,71.28,14,90,84.72,241,A1,B1,Low,Standard,64.8,12,Good
ACT-FH-0956-5408,144,22,69.17,14,90,83.19,242,A2,B2,High,Enriched,66.9,12,Bad
ACT-FH-0958-2362,146,22,72.12,14,90,80.48,240,A2,B1,Low,Standard,66.6,12,Good
ACT-FH-0966-7367,148,22,72.33,14,90,83.64,241,A1,B2,Low,Standard,63.1,12,Good
ACT-FH-0980-1150,147,22,71.94,14,90,82.02,240,A1,B1,Low,Enriched,66.7,12,Bad
ACT-FH-0985-5859,144,22,71.44,14,90,84.25,241,A1,B1,Low,Standard,64.9,12,Good
ACT-FH-1000-0441,148,22,70.06,14,90,80.99,243,A2,B1,Low,Standard,61.9,12,Good
ACT-FH-1011-2959,148,22,71.11,14,90,81.17,243,A1,B2,High,Enriched,60.5,12,Bad
ACT-FH-1015-3097,144,22,71.6,14,90,83.69,242,A2,B2,Low,Standard,66.1,12,Bad
ACT-FH-1015-5129,145,22,70.29,14,90,83.9,241,A2,B1,High,Standard,68.8,12,Good
ACT-FH-1017-5198,146,22,71.44,14,90,83.23,242,A2,B2,Low,Standard,60.3,12,Good
ACT-FH-1039-8180,145,22,70.22,14,90,84.3,242,A1,B1,Low,Enriched,66.3,12,Good
ACT-FH-1050-6881,146,22,71.78,14,90,82.09,243,A1,B1,High,Enriched,61.7,12,Bad
ACT-FH-1051-5976,144,22,71.37,14,90,82.43,240,A2,B1,High,Standard,68.8,12,Good
ACT-FH-1067-3321,148,22,70.12,14,90,85.26,241,A1,B2,High,Standard,61.4,12,Good
ACT-FH-1067-7241,145,22,70.78,14,90,80.82,240,A2,B2,Low,Standard,65.6,12,Good
ACT-FH-1076-8970,147,22,70.88,14,90,83.81,240,A1,B2,High,Enriched,62.9,12,Good
ACT-FH-1087-0994,147,22,70.3,14,90,80.64,244,A1,B1,High,Enriched,64.3,12,Bad
ACT-FH-1094-4438,148,22,69.28,14,90,84.98,243,A2,B1,Low,Enriched,69.0,12,Bad
ACT-FH-1117-0949,147,22,69.25,14,90,84.75,240,A2,B2,High,Standard,60.9,12,Bad
ACT-FH-1129-5520,144,22,69.84,14,90,83.78,242,A2,B1,High,Standard,63.0,12,Good
ACT-FH-1145-7204,148,22,69.86,14,90,83.47,243,A1,B1,High,Enriched,67.3,12,Good
ACT-FH-1163-5736,144,22,70.68,14,90,81.09,243,A2,B1,Low,Standard,67.2,12,Bad
ACT-FH-1171-8485,145,22,69.92,14,90,80.91,242,A2,B1,Low,Standard,66.8,12,Good
ACT-FH-1188-7613,144,22,70.27,14,90,84.65,243,A1,B1,High,Enriched,68.4,12,Good
ACT-FH-1195-4785,144,22,71.93,14,90,83.66,242,A2,B1,High,Standard,64.6,12,Good
ACT-FH-1206-9647,147,22,71.5,14,90,80.75,244,A2,B1,High,Standard,69.0,12,Good
ACT-FH-1210-9269,147,22,69.06,14,90,80.96,240,A2,B1,High,Standard,65.9,12,Bad
ACT-FH-1212-0326,147,22,71.09,14,90,82.01,241,A2,B2,High,Standard,60.8,12,Bad
ACT-FH-1221-4164,147,22,71.92,14,90,81.24,243,A1,B2,High,Standard,69.8,12,Good
ACT-FH-1229-6449,144,22,72.35,14,90,83.05,244,A1,B2,Low,Standard,61.9,12,Good
ACT-FH-1236-5591,148,22,71.28,14,90,80.48,242,A2,B1,High,Standard,62.5,12,Good
ACT-FH-1258-9179,148,22,70.4,14,90,81.98,240,A1,B2,High,Enriched,65.1,12,Bad
ACT-FH-1265-0249,148,22,71.14,14,90,82.75,240,A1,B2,Low,Standard,65.5,12,Good
ACT-FH-1267-9598,146,22,70.2,14,90,83.71,241,A1,B2,Low,Standard,63.0,12,Good
ACT-FH-1272-3046,148,22,71.15,14,90,80.71,240,A2,B2,Low,Standard,60.5,12,Bad
ACT-FH-1278-8329,148,22,69.77,14,90,82.27,244,A1,B1,Low,Standard,62.6,12,Good
ACT-FH-1286-0102,145,22,70.3,14,90,84.94,244,A2,B1,Low,Enriched,65.4,12,Good
ACT-FH-1289-0626,148,22,69.88,14,90,80.69,242,A1,B2,High,Standard,62.7,12,Good
ACT-FH-1293-8118,146,22,71.13,14,90,83.35,242,A2,B2,High,Standard,61.3,12,Good
ACT-FH-1302-1111,147,22,70.02,14,90,80.35,244,A2,B1,High,Enriched,61.4,12,Good
ACT-FH-1307-1213,147,22,69.41,14,90,82.35,243,A1,B1,High,Enriched,65.4,12,Bad
ACT-FH-1309-5037,148,22,70.18,14,90,82.62,244,A2,B2,High,Enriched,61.9,12,Good
ACT-FH-1323-1477,145,22,70.62,14,90,81.36,241,A2,B1,Low,Enriched,61.7,12,Good
ACT-FH-1330-3008,145,22,70.67,14,90,82.16,241,A1,B2,Low,Enriched,62.0,12,Good
ACT-FH-1332-6035,148,22,71.25,14,90,84.06,241,A1,B2,High,Enriched,69.2,12,Good
ACT-FH-1340-0458,144,22,72.43,14,90,82.55,241,A2,B2,Low,Standard,69.2,12,Bad
ACT-FH-1343-6607,147,22,70.03,14,90,85.15,244,A1,B1,Low,Enriched,60.8,12,Good
ACT-FH-1354-9428,148,22,70.39,14,90,83.44,243,A2,B1,Low,Enriched,64.6,12,Bad
ACT-FH-1361-3554,144,22,71.14,14,90,81.49,240,A2,B1,Low,Enriched,63.3,12,Good
ACT-FH-1361-6748,146,22,72.09,14,90,85.0,242,A1,B1,Low,Standard,60.7,12,Good
ACT-FH-1363-8263,146,22,69.65,14,90,82.38,241,A2,B2,High,Standard,63.4,12,Good
ACT-FH-1372-6599,146,22,72.5,14,90,84.42,243,A1,B1,Low,Standard,67.3,12,Bad
ACT-FH-1378-2761,146,22,69.64,14,90,84.24,240,A1,B1,Low,Standard,60.4,12,Bad
ACT-FH-1378-5814,145,22,71.47,14,90,82.1,244,A1,B2,Low,Enriched,64.7,12,Bad
ACT-FH-1387-8904,146,22,69.73,14,90,83.08,241,A1,B1,Low,Enriched,68.1,12,Good
ACT-FH-1412-6551,147,22,71.95,14,90,82.09,240,A1,B2,Low,Enriched,69.2,12,Good
ACT-FH-1427-6692,147,22,70.9,14,90,80.71,241,A1,B2,Low,Enriched,63.0,12,Good
ACT-FH-1429-1983,148,22,71.98,14,90,83.46,244,A1,B2,High,Standard,60.7,12,Good
ACT-FH-1430-3970,144,22,71.15,14,90,83.02,243,A2,B2,High,Enriched,68.3,12,Good
ACT-FH-1459-4720,144,22,70.42,14,90,83.23,242,A1,B1,High,Enriched,68.6,12,Bad
ACT-FH-1460-4748,147,22,72.0,14,90,81.98,241,A2,B2,High,Enriched,62.3,12,Good
ACT-FH-1464-2592,146,22,71.85,14,90,82.95,241,A2,B2,High,Standard,66.4,12,Good
ACT-FH-1477-1096,144,22,71.69,14,90,81.98,240,A2,B1,Low,Enriched,65.1,12,Good
ACT-FH-1483-8566,146,22,69.84,14,90,84.65,244,A1,B1,Low,Enriched,69.4,12,Bad
ACT-FH-1504-3294,147,22,69.84,14,90,82.78,243,A2,B2,High,Standard,61.9,12,Good
ACT-FH-1514-5622,144,22,72.4,14,90,82.57,240,A2,B1,High,Standard,62.6,12,Bad
ACT-FH-1517-3610,148,22,69.71,14,90,83.54,243,A2,B2,High,Enriched,68.4,12,Good
ACT-FH-1518-8319,144,22,72.03,14,90,84.63,242,A2,B2,Low,Enriched,65.9,12,Good
ACT-FH-1519-2654,146,22,70.6,14,90,85.24,240,A2,B2,High,Standard,67.9,12,Good
ACT-FH-1534-0170,148,22,71.29,14,90,83.68,241,A2,B1,Low,Standard,64.5,12,Good
ACT-FH-1545-8973,144,22,72.09,14,90,83.36,240,A2,B2,High,Standard,61.7,12,Good
ACT-FH-1554-8796,148,22,71.82,14,90,80.84,242,A1,B1,Low,Enriched,68.6,12,Bad
ACT-FH-1560-5448,147,22,71.86,14,90,81.68,244,A1,B1,High,Standard,68.7,12,Bad
ACT-FH-1578-2506,145,22,70.66,14,90,84.96,241,A2,B1,High,Enriched,64.7,12,Good
ACT-FH-1580-8262,147,22,69.69,14,90,82.56,241,A1,B1,High,Standard,68.8,12,Good
ACT-FH-1583-8034,146,22,70.46,14,90,83.36,242,A1,B2,High,Standard,62.9,12,Bad
ACT-FH-1589-4567,146,22,69.46,14,90,80.88,241,A2,B1,High,Enriched,67.4,12,Good
ACT-FH-1599-6241,147,22,69.02,14,90,83.76,244,A1,B2,Low,Standard,62.2,12,Bad
ACT-FH-1606-6372,148,22,68.86,14,90,83.35,241,A2,B1,Low,Enriched,68.2,12,Good
ACT-FH-1607-8298,146,22,70.79,14,90,82.56,241,A1,B1,High,Standard,69.8,12,Bad
ACT-FH-1618-1704,144,22,70.51,14,90,82.21,243,A1,B2,Low,Enriched,60.9,12,Good
ACT-FH-1628-1821,148,22,71.02,14,90,85.12,241,A2,B2,Low,Standard,60.4,12,Good
ACT-FH-1630-4038,146,22,70.01,14,90,80.63,241,A1,B2,High,Enriched,69.5,12,Bad
ACT-FH-1636-7970,144,22,72.23,14,90,83.89,243,A1,B2,Low,Enriched,61.7,12,Good
ACT-FH-1642-3023,147,22,71.87,14,90,80.63,242,A2,B2,Low,Standard,65.2,12,Good
ACT-FH-1643-8119,144,22,72.08,14,90,81.92,244,A1,B2,Low,Standard,67.1,12,Bad
ACT-FH-1644-0364,147,22,70.71,14,90,82.46,244,A1,B1,Low,Standard,61.3,12,Good
ACT-FH-1669-2469,145,22,69.71,14,90,82.44,243,A1,B2,High,Standard,63.8,12,Good
ACT-FH-1678-7274,148,22,71.48,14,90,83.38,240,A2,B1,Low,Enriched,68.7,12,Good
ACT-FH-1685-3215,148,22,70.28,14,90,85.07,241,A2,B2,Low,Enriched,65.1,12,Good
ACT-FH-1696-4064,145,22,69.71,14,90,82.77,241,A1,B2,Low,Enriched,64.8,12,Good
ACT-FH-1697-3804,148,22,71.74,14,90,80.39,241,A1,B1,High,Standard,68.0,12,Bad
ACT-FH-1718-5651,144,22,71.09,14,90,84.45,241,A1,B1,High,Standard,60.6,12,Good
ACT-FH-1720-8230,144,22,70.0,14,90,85.11,240,A1,B2,High,Standard,68.6,12,Bad
ACT-FH-1721-5145,148,22,70.71,14,90,82.76,243,A2,B2,High,Standard,65.0,12,Good
ACT-FH-1725-6862,148,22,71.12,14,90,81.92,242,A1,B2,Low,Enriched,65.6,12,Good
ACT-FH-1729-3074,145,22,71.83,14,90,84.09,242,A2,B2,Low,Enriched,60.8,12,Good
ACT-FH-1735-1190,145,22,71.04,14,90,82.9,243,A2,B1,Low,Enriched,69.1,12,Good
ACT-FH-1740-3943,145,22,72.41,14,90,81.98,241,A1,B2,High,Standard,63.3,12,Good
ACT-FH-1747-1850,144,22,68.94,14,90,82.25,242,A2,B2,Low,Standard,65.5,12,Good
ACT-FH-1749-9578,147,22,70.43,14,90,83.64,244,A2,B2,Low,Enriched,68.1,12,Good
ACT-FH-1761-4439,144,22,70.17,14,90,83.41,243,A2,B2,High,Enriched,67.9,12,Bad
ACT-FH-1762-1360,144,22,69.91,14,90,81.17,240,A2,B2,High,Enriched,69.0,12,Good
ACT-FH-1762-9317,148,22,72.5,14,90,83.47,240,A1,B1,Low,Enriched,66.1,12,Good
ACT-FH-1765-7892,147,22,68.88,14,90,82.76,240,A2,B1,Low,Standard,64.3,12,Good
ACT-FH-1769-5943,147,22,69.12,14,90,83.78,240,A1,B2,Low,Standard,61.5,12,Good
ACT-FH-1773-2369,144,22,69.65,14,90,81.67,243,A2,B2,High,Standard,68.8,12,Bad
ACT-FH-1777-6837,148,22,69.09,14,90,80.59,242,A1,B1,Low,Enriched,67.4,12,Good
ACT-FH-1783-8443,146,22,71.88,14,90,80.99,240,A1,B2,High,Standard,67.7,12,Bad
ACT-FH-1792-8988,144,22,72.21,14,90,84.75,244,A1,B2,High,Standard,66.9,12,Good
ACT-FH-1795-7291,148,22,71.56,14,90,83.77,242,A2,B1,Low,Standard,68.8,12,Good
ACT-FH-1813-4658,147,22,71.72,14,90,80.68,241,A1,B1,Low,Standard,68.5,12,Bad
ACT-FH-1814-6463,147,22,71.91,14,90,81.37,243,A1,B1,High,Standard,63.2,12,Good
ACT-FH-1820-3152,148,22,68.97,14,90,80.55,242,A1,B1,Low,Standard,65.1,12,Good
ACT-FH-1825-5525,148,22,69.87,14,90,83.63,240,A1,B1,High,Enriched,62.3,12,Good
ACT-FH-1854-3108,144,22,69.16,14,90,81.75,244,A2,B1,High,Standard,68.1,12,Good
ACT-FH-1876-9525,147,22,70.38,14,90,82.09,243,A1,B2,Low,Standard,69.2,12,Bad
ACT-FH-1889-1659,145,22,69.52,14,90,83.5,244,A2,B1,Low,Enriched,68.5,12,Good
ACT-FH-1911-6961,146,22,69.15,14,90,82.81,242,A2,B1,High,Enriched,62.5,12,Good
ACT-FH-1919-8061,147,22,71.49,14,90,82.3,243,A1,B1,Low,Standard,67.9,12,Good
ACT-FH-1921-3686,148,22,70.81,14,90,81.16,244,A1,B2,High,Standard,62.2,12,Bad
ACT-FH-1926-7142,145,22,71.71,14,90,81.4,241,A1,B1,High,Standard,60.7,12,Good
ACT-FH-1927-5056,148,22,71.04,14,90,84.43,242,A1,B1,Low,Standard,60.9,12,Good
ACT-FH-1927-6900,146,22,71.7,14,90,83.09,243,A2,B2,Low,Standard,62.9,12,Good
ACT-FH-1928-3118,146,22,72.07,14,90,82.28,244,A2,B2,High,Standard,62.8,12,Bad
ACT-FH-1931-6872,146,22,72.03,14,90,83.71,240,A1,B2,High,Enriched,64.8,12,Good
ACT-FH-1936-8065,146,22,69.31,14,90,83.89,242,A1,B1,Low,Standard,62.7,12,Good
ACT-FH-1942-0743,147,22,69.08,14,90,82.0,240,A1,B1,High,Standard,68.0,12,Good
ACT-FH-1945-7253,148,22,70.6,14,90,81.29,241,A2,B1,High,Enriched,65.2,12,Good
ACT-FH-1950-3726,146,22,69.14,14,90,84.7,244,A2,B2,High,Enriched,66.5,12,Good
ACT-FH-1953-1680,145,22,71.17,14,90,83.92,241,A2,B2,Low,Standard,61.4,12,Good
ACT-FH-1955-1359,146,22,70.19,14,90,84.18,241,A2,B2,High,Enriched,60.7,12,Good
ACT-FH-1959-0760,144,22,70.08,14,90,84.36,244,A2,B1,Low,Standard,64.1,12,Bad
ACT-FH-1959-8635,145,22,71.49,14,90,83.36,240,A2,B2,High,Standard,67.6,12,Good
ACT-FH-1968-9023,147,22,69.39,14,90,81.27,243,A1,B1,Low,Standard,66.3,12,Good
ACT-FH-1977-2440,146,22,69.33,14,90,83.23,243,A1,B2,High,Standard,60.6,12,Good
ACT-FH-2003-4395,146,22,70.03,14,90,81.2,242,A1,B1,High,Enriched,61.7,12,Bad
ACT-FH-2031-1557,146,22,70.84,14,90,83.28,242,A1,B2,Low,Standard,64.4,12,Bad
ACT-FH-2051-1264,148,22,69.86,14,90,84.29,241,A1,B2,High,Enriched,60.7,12,Bad
ACT-FH-2054-2839,148,22,69.34,14,90,85.3,243,A1,B2,Low,Enriched,66.7,12,Good
ACT-FH-2077-6039,144,22,68.86,14,90,83.76,240,A2,B2,Low,Standard,61.5,12,Bad
ACT-FH-2078-5236,145,22,71.15,14,90,84.77,242,A2,B1,Low,Standard,62.1,12,Good
ACT-FH-2083-3761,146,22,69.66,14,90,85.09,242,A2,B2,High,Enriched,67.9,12,Good
ACT-FH-2087-9435,146,22,70.87,14,90,84.79,243,A1,B2,High,Enriched,62.8,12,Good
ACT-FH-2101-6549,144,22,70.83,14,90,81.18,240,A2,B2,High,Enriched,62.6,12,Good
ACT-FH-2113-6077,145,22,69.05,14,90,84.79,243,A2,B2,High,Standard,63.2,12,Good
ACT-FH-2114-2010,145,22,69.49,14,90,81.91,244,A2,B1,Low,Enriched,68.7,12,Good
ACT-FH-2115-4725,148,22,71.57,14,90,80.91,240,A2,B2,Low,Enriched,61.3,12,Good
ACT-FH-2140-7894,144,22,71.38,14,90,81.09,242,A1,B1,High,Enriched,65.2,12,Good
ACT-FH-2147-8242,146,22,72.05,14,90,80.85,242,A1,B1,High,Standard,67.1,12,Bad
ACT-FH-2149-9672,146,22,70.2,14,90,82.14,244,A1,B2,High,Enriched,64.8,12,Good
ACT-FH-2157-2223,147,22,71.13,14,90,83.74,242,A1,B1,High,Enriched,64.0,12,Good
ACT-FH-2157-7959,145,22,69.43,14,90,84.89,241,A1,B2,Low,Standard,63.6,12,Good
ACT-FH-2158-0970,146,22,68.96,14,90,85.19,240,A2,B1,High,Standard,60.3,12,Good
ACT-FH-2160-3195,144,22,72.21,14,90,81.91,244,A1,B2,High,Enriched,60.6,12,Bad
ACT-FH-2173-9986,145,22,71.87,14,90,80.95,243,A1,B2,High,Standard,64.0,12,Good
ACT-FH-2184-7099,144,22,71.28,14,90,85.28,242,A2,B1,Low,Standard,64.1,12,Good
ACT-FH-2189-5103,147,22,71.23,14,90,82.25,241,A1,B2,High,Enriched,62.0,12,Good
ACT-FH-2190-8269,147,22,70.38,14,90,81.43,240,A1,B2,Low,Enriched,61.9,12,Bad
ACT-FH-2192-7481,147,22,70.57,14,90,83.0,243,A1,B1,High,Standard,67.1,12,Good
ACT-FH-2204-9621,146,22,72.07,14,90,81.86,242,A1,B2,Low,Standard,62.1,12,Good
ACT-FH-2205-0330,145,22,72.04,14,90,84.93,244,A1,B1,High,Standard,69.2,12,Bad
ACT-FH-2208-5768,147,22,69.43,14,90,82.63,241,A1,B2,Low,Standard,64.4,12,Good
ACT-FH-2214-1004,144,22,70.48,14,90,81.79,244,A2,B2,High,Enriched,65.4,12,Bad
ACT-FH-2218-4708,146,22,70.38,14,90,81.9,240,A2,B2,Low,Enriched,63.7,12,Good
ACT-FH-2277-6593,147,22,71.58,14,90,83.86,244,A1,B1,High,Standard,64.3,12,Good
ACT-FH-2280-7085,146,22,72.13,14,90,83.32,244,A2,B1,Low,Enriched,63.7,12,Bad
ACT-FH-2285-5637,148,22,70.24,14,90,84.92,244,A1,B1,High,Standard,64.9,12,Good
ACT-FH-2295-0559,148,22,70.83,14,90,81.85,244,A2,B1,High,Standard,68.7,12,Good
ACT-FH-2297-2683,148,22,70.99,14,90,81.01,244,A2,B2,Low,Enriched,65.8,12,Good
ACT-FH-2308-0279,147,22,69.45,14,90,84.15,243,A2,B1,High,Enriched,68.8,12,Good
ACT-FH-2323-8348,147,22,72.21,14,90,82.76,244,A1,B1,Low,Standard,66.0,12,Good
ACT-FH-2331-9178,145,22,69.45,14,90,82.86,242,A1,B1,Low,Enriched,62.4,12,Good
ACT-FH-2337-1432,148,22,68.91,14,90,83.19,243,A1,B1,Low,Standard,61.9,12,Good
ACT-FH-2348-3313,145,22,70.72,14,90,83.1,244,A1,B1,Low,Standard,63.4,12,Good
ACT-FH-2350-4232,144,22,71.51,14,90,82.19,243,A1,B2,High,Standard,65.2,12,Good
ACT-FH-2351-4382,147,22,70.34,14,90,83.42,244,A2,B1,High,Standard,61.7,12,Good
ACT-FH-2358-2460,148,22,71.49,14,90,83.52,241,A2,B2,Low,Enriched,64.1,12,Good
ACT-FH-2386-5601,148,22,70.83,14,90,81.95,242,A1,B1,Low,Standard,61.0,12,Good
ACT-FH-2392-1499,147,22,72.32,14,90,83.95,243,A2,B2,Low,Enriched,62.1,12,Bad
ACT-FH-2418-7522,145,22,70.08,14,90,83.7,240,A2,B1,Low,Standard,68.0,12,Good
ACT-FH-2433-6998,148,22,69.43,14,90,85.25,244,A1,B1,Low,Standard,64.0,12,Good
ACT-FH-2446-4969,145,22,69.6,14,90,81.17,241,A2,B2,High,Standard,66.6,12,Good
ACT-FH-2448-8715,147,22,70.05,14,90,82.37,244,A2,B2,High,Enriched,62.6,12,Good
ACT-FH-2466-7991,144,22,71.9,14,90,81.29,244,A1,B1,High,Enriched,62.8,12,Bad
ACT-FH-2468-0868,146,22,70.71,14,90,83.48,244,A2,B1,Low,Enriched,61.4,12,Good
ACT-FH-2478-8420,145,22,69.24,14,90,83.33,244,A2,B2,Low,Standard,69.6,12,Bad
ACT-FH-2480-2125,146,22,69.19,14,90,82.05,240,A1,B1,Low,Standard,66.1,12,Good
ACT-FH-2486-1501,148,22,69.07,14,90,80.84,241,A1,B2,Low,Enriched,64.9,12,Good
ACT-FH-2488-9096,148,22,71.25,14,90,81.71,241,A2,B1,High,Standard,69.0,12,Bad
ACT-FH-2497-2461,148,22,71.15,14,90,80.8,244,A2,B1,Low,Standard,65.5,12,Bad
ACT-FH-2507-5194,146,22,71.78,14,90,80.9,242,A2,B1,High,Enriched,64.1,12,Good
ACT-FH-2509-8333,147,22,69.42,14,90,81.63,240,A2,B2,High,Standard,66.3,12,Bad
ACT-FH-2512-8570,145,22,70.49,14,90,85.25,241,A1,B2,Low,Enriched,61.0,12,Bad
ACT-FH-2522-6655,144,22,70.58,14,90,82.11,242,A1,B2,Low,Enriched,60.2,12,Good
ACT-FH-2524-8008,148,22,70.21,14,90,84.77,240,A1,B1,Low,Enriched,67.4,12,Good
ACT-FH-2535-5688,145,22,68.95,14,90,83.23,240,A1,B1,Low,Enriched,62.7,12,Good
ACT-FH-2536-5602,147,22,70.79,14,90,83.84,241,A1,B1,High,Standard,67.2,12,Bad
ACT-FH-2538-7895,145,22,71.26,14,90,84.5,243,A1,B2,High,Enriched,66.6,12,Good
ACT-FH-2542-9488,148,22,71.81,14,90,81.8,241,A1,B1,Low,Enriched,68.5,12,Bad
ACT-FH-2551-1027,146,22,70.22,14,90,84.11,241,A1,B1,Low,Standard,69.4,12,Bad
ACT-FH-2557-1783,145,22,69.22,14,90,81.01,242,A1,B1,High,Enriched,60.5,12,Good
ACT-FH-2557-7803,145,22,71.73,14,90,81.55,244,A1,B1,High,Enriched,63.4,12,Bad
ACT-FH-2560-1271,144,22,69.09,14,90,84.11,242,A1,B2,Low,Standard,60.7,12,Good
ACT-FH-2560-6554,145,22,70.02,14,90,81.31,242,A1,B2,High,Standard,65.7,12,Good
ACT-FH-2562-6731,145,22,70.9,14,90,82.2,242,A2,B1,High,Standard,67.1,12,Good
ACT-FH-2585-1034,146,22,71.08,14,90,81.56,240,A2,B1,High,Enriched,61.1,12,Good
ACT-FH-2595-3546,148,22,69.93,14,90,83.4,243,A1,B2,High,Enriched,60.8,12,Good
ACT-FH-2607-9400,147,22,69.2,14,90,80.91,244,A2,B2,High,Enriched,62.0,12,Good
ACT-FH-2628-2378,144,22,71.6,14,90,81.7,241,A2,B1,High,Standard,66.6,12,Good
ACT-FH-2637-7597,146,22,71.58,14,90,80.92,242,A2,B2,Low,Enriched,63.1,12,Good
ACT-FH-2640-6075,144,22,71.03,14,90,83.42,244,A2,B1,Low,Standard,67.6,12,Good
ACT-FH-2641-8346,146,22,70.06,14,90,83.3,243,A1,B2,Low,Standard,63.0,12,Good
ACT-FH-2653-2670,144,22,70.15,14,90,84.61,241,A2,B2,Low,Standard,65.0,12,Bad
ACT-FH-2666-2258,144,22,70.85,14,90,81.78,244,A1,B2,High,Standard,64.2,12,Good
ACT-FH-2697-5058,148,22,71.44,14,90,83.87,241,A1,B1,Low,Standard,62.1,12,Good
ACT-FH-2698-9988,146,22,69.16,14,90,83.38,244,A1,B2,High,Standard,69.9,12,Good
ACT-FH-2704-8914,146,22,70.59,14,90,82.24,241,A2,B1,Low,Enriched,68.5,12,Bad
ACT-FH-2711-6849,146,22,72.19,14,90,83.74,242,A1,B1,High,Standard,61.3,12,Bad
ACT-FH-2722-2612,145,22,70.89,14,90,82.7,242,A1,B1,High,Standard,68.7,12,Bad
ACT-FH-2730-5436,144,22,70.92,14,90,83.89,243,A2,B2,Low,Standard,65.2,12,Good
ACT-FH-2740-7398,148,22,71.44,14,90,85.05,241,A2,B1,Low,Standard,66.6,12,Bad
ACT-FH-2740-9109,144,22,72.2,14,90,83.68,241,A1,B1,High,Standard,63.5,12,Good
ACT-FH-2759-6736,146,22,71.18,14,90,81.78,243,A2,B2,High,Standard,60.2,12,Bad
ACT-FH-2760-3403,147,22,69.26,14,90,82.19,244,A2,B2,High,Standard,69.5,12,Good
ACT-FH-2784-6095,147,22,70.45,14,90,84.06,242,A1,B1,Low,Enriched,67.0,12,Good
ACT-FH-2788-0729,147,22,69.68,14,90,83.08,241,A1,B1,Low,Standard,69.1,12,Good
ACT-FH-2792-1831,147,22,71.43,14,90,83.59,243,A2,B1,High,Standard,69.9,12,Good
ACT-FH-2798-1374,146,22,70.22,14,90,83.74,242,A1,B1,Low,Enriched,68.5,12,Good
ACT-FH-2800-0651,147,22,70.0,14,90,82.33,243,A1,B1,Low,Enriched,61.0,12,Good
ACT-FH-2802-6460,146,22,69.18,14,90,84.23,243,A2,B2,High,Enriched,62.6,12,Bad
ACT-FH-2807-1037,144,22,70.86,14,90,82.24,242,A2,B1,Low,Enriched,62.2,12,Bad
ACT-FH-2811-0630,147,22,68.99,14,90,82.78,240,A2,B1,High,Standard,64.5,12,Good
ACT-FH-2817-0473,148,22,69.41,14,90,81.15,242,A1,B1,Low,Standard,60.2,12,Good
ACT-FH-2822-1648,146,22,70.16,14,90,83.13,244,A2,B1,Low,Standard,66.5,12,Good
ACT-FH-2838-1924,146,22,72.48,14,90,81.65,244,A2,B1,Low,Standard,60.8,12,Good
ACT-FH-2843-8173,145,22,69.63,14,90,81.44,240,A2,B1,High,Standard,62.9,12,Good
ACT-FH-2845-5418,144,22,71.09,14,90,83.53,240,A2,B2,High,Enriched,62.1,12,Good
ACT-FH-2846-7860,146,22,71.92,14,90,81.78,242,A1,B2,High,Enriched,67.7,12,Good
ACT-FH-2847-4781,146,22,72.34,14,90,85.1,240,A1,B2,Low,Enriched,65.4,12,Good
ACT-FH-2860-6374,148,22,70.96,14,90,81.74,244,A1,B1,Low,Enriched,60.4,12,Good
ACT-FH-2896-9813,147,22,72.13,14,90,81.77,240,A1,B1,High,Enriched,61.2,12,Good
ACT-FH-2899-8110,148,22,69.33,14,90,80.63,240,A2,B2,High,Standard,67.3,12,Good
ACT-FH-2914-2036,145,22,70.18,14,90,82.68,243,A1,B2,Low,Enriched,65.0,12,Good
ACT-FH-2937-0501,144,22,71.39,14,90,84.62,240,A2,B2,Low,Standard,65.2,12,Good
ACT-FH-2946-2895,144,22,70.76,14,90,81.69,243,A2,B1,High,Standard,67.9,12,Good
ACT-FH-2947-6796,148,22,70.4,14,90,84.18,240,A2,B2,High,Enriched,62.7,12,Good
ACT-FH-2959-9389,145,22,70.93,14,90,84.64,242,A1,B1,Low,Standard,63.7,12,Good
ACT-FH-2988-6471,146,22,71.54,14,90,83.46,243,A2,B1,Low,Standard,66.2,12,Good
ACT-FH-2989-3121,145,22,69.25,14,90,84.31,242,A2,B1,Low,Standard,68.6,12,Bad
ACT-FH-3006-7922,147,22,69.27,14,90,84.09,241,A1,B1,Low,Standard,69.4,12,Good
ACT-FH-3009-5744,144,22,70.61,14,90,81.39,240,A2,B2,Low,Enriched,66.6,12,Bad
ACT-FH-3010-8948,148,22,71.95,14,90,83.48,240,A2,B1,Low,Standard,63.2,12,Good
ACT-FH-3012-8273,148,22,69.83,14,90,80.95,243,A1,B1,Low,Enriched,62.8,12,Good
ACT-FH-3023-9987,148,22,69.36,14,90,83.98,241,A1,B1,Low,Enriched,63.2,12,Bad
ACT-FH-3036-3140,147,22,70.35,14,90,81.24,242,A2,B2,High,Standard,64.2,12,Good
ACT-FH-3037-2142,148,22,69.22,14,90,83.91,241,A2,B1,Low,Standard,68.8,12,Good
ACT-FH-3042-3349,144,22,72.21,14,90,81.31,242,A2,B2,High,Enriched,61.5,12,Bad
ACT-FH-3043-2395,144,22,70.85,14,90,82.25,242,A2,B2,Low,Enriched,62.5,12,Good
ACT-FH-3058-5663,146,22,71.6,14,90,84.52,241,A1,B2,High,Standard,60.9,12,Bad
ACT-FH-3060-5075,146,22,71.06,14,90,83.23,244,A2,B2,Low,Standard,67.7,12,Good
ACT-FH-3064-0116,148,22,71.2,14,90,81.99,244,A1,B1,High,Standard,69.0,12,Good
ACT-FH-3076-8153,146,22,69.93,14,90,81.09,242,A1,B2,Low,Standard,63.1,12,Good
ACT-FH-3078-2198,146,22,70.81,14,90,85.14,244,A2,B2,Low,Enriched,63.9,12,Bad
ACT-FH-3097-9359,146,22,68.88,14,90,84.81,243,A2,B2,High,Standard,61.8,12,Good
ACT-FH-3111-3414,147,22,72.5,14,90,84.38,244,A1,B2,Low,Standard,66.2,12,Good
ACT-FH-3114-7338,144,22,71.8,14,90,80.82,244,A2,B1,Low,Standard,63.9,12,Good
ACT-FH-3117-2290,148,22,72.02,14,90,80.72,241,A1,B2,Low,Enriched,69.2,12,Good
ACT-FH-3126-5581,146,22,71.13,14,90,83.18,240,A1,B1,Low,Standard,67.5,12,Bad
ACT-FH-3131-5122,146,22,69.61,14,90,84.67,242,A2,B1,High,Enriched,65.9,12,Bad
ACT-FH-3138-9972,147,22,70.91,14,90,84.3,244,A2,B1,Low,Standard,63.9,12,Bad
ACT-FH-3165-8008,145,22,69.61,14,90,82.8,243,A2,B1,Low,Standard,63.4,12,Good
ACT-FH-3176-2183,144,22,71.12,14,90,84.96,240,A1,B1,High,Standard,62.0,12,Bad
ACT-FH-3178-9989,147,22,69.84,14,90,83.3,242,A1,B2,Low,Standard,68.5,12,Good
ACT-FH-3187-8848,145,22,71.69,14,90,80.41,242,A1,B1,Low,Enriched,69.5,12,Good
ACT-FH-3201-0679,148,22,71.83,14,90,82.73,244,A2,B2,Low,Standard,65.2,12,Good
ACT-FH-3211-2606,147,22,72.45,14,90,84.01,240,A1,B1,High,Standard,68.6,12,Good
ACT-FH-3217-8329,148,22,69.47,14,90,81.06,241,A2,B1,Low,Standard,69.7,12,Bad
ACT-FH-3224-6273,148,22,70.77,14,90,80.9,241,A1,B1,High,Standard,68.9,12,Good
ACT-FH-3229-6965,148,22,72.02,14,90,82.4,244,A2,B1,Low,Enriched,67.0,12,Good
ACT-FH-3231-0910,145,22,70.41,14,90,81.9,241,A1,B2,Low,Enriched,69.5,12,Good
ACT-FH-3231-5933,148,22,69.59,14,90,81.35,243,A1,B1,High,Enriched,69.3,12,Bad
ACT-FH-3236-9844,148,22,72.36,14,90,80.57,240,A2,B2,Low,Enriched,61.7,12,Good
ACT-FH-3253-6943,145,22,70.62,14,90,80.98,240,A1,B2,High,Standard,66.8,12,Bad
ACT-FH-3253-9724,146,22,70.86,14,90,82.29,241,A2,B2,Low,Standard,69.3,12,Good
ACT-FH-3258-9944,145,22,71.33,14,90,80.97,242,A1,B1,High,Standard,68.8,12,Good
ACT-FH-3270-8211,146,22,71.68,14,90,83.84,240,A2,B2,Low,Enriched,69.2,12,Bad
ACT-FH-3273-0138,148,22,68.98,14,90,80.63,242,A2,B2,Low,Standard,62.8,12,Good
ACT-FH-3280-1106,148,22,71.54,14,90,84.67,243,A1,B1,High,Enriched,63.3,12,Good
ACT-FH-3284-7353,145,22,70.84,14,90,81.53,244,A1,B2,High,Standard,67.5,12,Good
ACT-FH-3312-4762,145,22,72.11,14,90,83.64,240,A2,B2,High,Standard,63.2,12,Bad
ACT-FH-3318-4234,144,22,69.3,14,90,81.02,243,A1,B2,Low,Standard,61.3,12,Good
ACT-FH-3319-4319,147,22,70.85,14,90,80.83,242,A2,B1,High,Enriched,62.6,12,Good
ACT-FH-3321-1481,145,22,71.24,14,90,82.66,243,A1,B1,High,Enriched,65.0,12,Good
ACT-FH-3343-2733,144,22,69.89,14,90,80.71,243,A1,B2,High,Standard,66.3,12,Good
ACT-FH-3344-5636,147,22,68.92,14,90,84.36,244,A1,B1,High,Standard,61.4,12,Good
ACT-FH-3376-6493,147,22,70.96,14,90,80.76,244,A1,B1,High,Standard,64.2,12,Good
ACT-FH-3381-2972,144,22,70.37,14,90,82.45,242,A2,B1,High,Standard,69.9,12,Bad
ACT-FH-3386-1205,145,22,69.61,14,90,83.93,243,A1,B2,Low,Enriched,65.6,12,Good
ACT-FH-3392-5208,145,22,71.45,14,90,82.53,242,A2,B2,High,Enriched,63.7,12,Good
ACT-FH-3397-2083,148,22,69.15,14,90,82.68,243,A1,B2,High,Enriched,65.3,12,Bad
ACT-FH-3397-6466,148,22,72.04,14,90,81.99,243,A2,B1,Low,Enriched,60.6,12,Good
ACT-FH-3406-3132,148,22,69.74,14,90,83.97,241,A2,B2,Low,Standard,60.5,12,Good
ACT-FH-3414-2199,145,22,72.33,14,90,83.61,241,A2,B1,Low,Standard,63.8,12,Good
ACT-FH-3437-5650,147,22,70.71,14,90,80.35,242,A2,B1,Low,Standard,66.4,12,Good
ACT-FH-3438-4853,147,22,69.67,14,90,81.38,241,A2,B2,Low,Standard,63.7,12,Good
ACT-FH-3447-8995,147,22,71.95,14,90,85.15,244,A1,B1,High,Enriched,65.7,12,Good
ACT-FH-3457-6801,145,22,71.41,14,90,82.96,243,A1,B2,Low,Standard,66.6,12,Bad
ACT-FH-3459-4442,148,22,70.09,14,90,81.54,242,A2,B1,Low,Enriched,61.2,12,Good
ACT-FH-3460-8512,146,22,69.73,14,90,83.66,244,A1,B2,High,Enriched,67.6,12,Bad
ACT-FH-3470-9069,147,22,71.17,14,90,80.83,240,A2,B1,High,Enriched,61.4,12,Good
ACT-FH-3474-4052,144,22,72.31,14,90,84.14,244,A1,B2,Low,Standard,69.7,12,Good
ACT-FH-3474-7204,147,22,68.85,14,90,81.31,242,A2,B1,High,Enriched,62.3,12,Bad
ACT-FH-3481-0227,146,22,72.26,14,90,83.93,244,A1,B2,High,Enriched,65.0,12,Good
ACT-FH-3488-7813,146,22,71.47,14,90,85.27,244,A1,B2,High,Standard,61.7,12,Good
ACT-FH-3495-2006,146,22,68.97,14,90,83.56,241,A2,B1,Low,Enriched,65.6,12,Bad
ACT-FH-3496-8071,148,22,69.02,14,90,82.74,240,A1,B1,High,Standard,61.7,12,Bad
ACT-FH-3498-3407,148,22,70.56,14,90,82.62,243,A1,B2,Low,Enriched,66.4,12,Good
ACT-FH-3503-8810,146,22,70.21,14,90,84.77,244,A1,B2,High,Standard,63.9,12,Good
ACT-FH-3511-1000,148,22,69.09,14,90,84.76,240,A1,B2,High,Standard,64.7,12,Good
ACT-FH-3524-8836,146,22,71.06,14,90,81.83,241,A2,B2,High,Standard,66.8,12,Good
ACT-FH-3533-8206,146,22,70.81,14,90,84.7,241,A1,B1,Low,Enriched,60.5,12,Good
ACT-FH-3540-4775,148,22,71.77,14,90,83.68,242,A1,B2,High,Standard,60.7,12,Good
ACT-FH-3545-1780,145,22,70.27,14,90,80.54,243,A2,B1,Low,Enriched,66.3,12,Good
ACT-FH-3549-7361,144,22,71.05,14,90,83.14,243,A1,B1,Low,Standard,64.5,12,Good
ACT-FH-3552-8595,148,22,71.48,14,90,84.86,242,A1,B2,Low,Enriched,62.4,12,Good
ACT-FH-3560-0325,144,22,69.77,14,90,84.03,243,A2,B2,High,Standard,65.7,12,Bad
ACT-FH-3576-8607,146,22,70.2,14,90,84.39,243,A1,B2,High,Standard,69.6,12,Good
ACT-FH-3603-2538,147,22,71.77,14,90,85.0,240,A1,B2,High,Standard,65.8,12,Bad
ACT-FH-3606-7827,148,22,70.46,14,90,81.15,242,A1,B2,High,Standard,64.7,12,Good
ACT-FH-3618-3499,147,22,70.04,14,90,82.23,240,A1,B2,Low,Standard,68.1,12,Bad
ACT-FH-3626-7154,148,22,71.64,14,90,85.2,240,A1,B1,Low,Standard,64.5,12,Bad
ACT-FH-3627-4556,144,22,71.39,14,90,83.17,243,A1,B2,High,Enriched,62.2,12,Good
ACT-FH-3628-1059,144,22,72.21,14,90,83.43,241,A1,B1,High,Standard,67.9,12,Bad
ACT-FH-3637-8997,148,22,70.27,14,90,82.58,242,A2,B1,Low,Enriched,68.6,12,Good
ACT-FH-3645-2378,147,22,71.03,14,90,80.5,243,A1,B1,Low,Standard,69.4,12,Good
ACT-FH-3668-8099,146,22,70.93,14,90,81.19,242,A1,B2,Low,Enriched,65.5,12,Good
ACT-FH-3671-3152,145,22,69.7,14,90,82.37,243,A1,B1,Low,Enriched,64.9,12,Good
ACT-FH-3673-2890,146,22,69.24,14,90,82.35,240,A2,B1,High,Standard,61.6,12,Good
ACT-FH-3676-5969,148,22,72.09,14,90,81.29,241,A1,B2,Low,Standard,63.8,12,Good
ACT-FH-3697-4918,146,22,68.87,14,90,82.2,241,A2,B2,Low,Enriched,62.3,12,Good
ACT-FH-3702-8945,144,22,69.05,14,90,84.2,241,A2,B1,High,Enriched,61.4,12,Good
ACT-FH-3739-5107,144,22,69.49,14,90,82.62,242,A2,B1,High,Enriched,62.0,12,Good
ACT-FH-3740-9187,144,22,69.43,14,90,81.16,244,A2,B1,High,Standard,61.3,12,Good
ACT-FH-3741-8954,148,22,71.36,14,90,80.52,240,A2,B2,Low,Standard,63.5,12,Good
ACT-FH-3744-2079,146,22,70.57,14,90,84.82,241,A1,B1,High,Standard,69.1,12,Bad
ACT-FH-3755-4294,144,22,68.89,14,90,82.7,241,A2,B1,Low,Standard,61.4,12,Good
ACT-FH-3763-6273,145,22,70.73,14,90,80.86,242,A1,B2,High,Enriched,65.5,12,Good
ACT-FH-3770-1710,145,22,70.92,14,90,84.34,240,A2,B1,Low,Standard,64.4,12,Bad
ACT-FH-3790-3993,147,22,71.71,14,90,80.65,244,A2,B1,Low,Standard,69.3,12,Bad
ACT-FH-3794-8517,148,22,69.84,14,90,81.92,240,A2,B2,Low,Standard,63.1,12,Good
ACT-FH-3826-1747,147,22,70.52,14,90,84.86,240,A1,B2,High,Standard,61.0,12,Good
ACT-FH-3832-7906,148,22,69.9,14,90,85.1,244,A1,B2,Low,Standard,63.1,12,Good
ACT-FH-3834-2366,147,22,70.1,14,90,81.35,241,A2,B1,High,Enriched,64.8,12,Bad
ACT-FH-3845-6604,144,22,71.02,14,90,82.51,243,A2,B2,High,Standard,63.6,12,Good
ACT-FH-3855-5253,148,22,71.31,14,90,81.7,243,A2,B1,High,Standard,60.8,12,Good
ACT-FH-3863-8592,145,22,69.86,14,90,81.11,243,A2,B1,High,Enriched,60.5,12,Good
ACT-FH-3865-1082,148,22,72.08,14,90,80.82,243,A1,B1,High,Enriched,66.3,12,Good
ACT-FH-3872-5915,148,22,72.28,14,90,81.54,242,A1,B1,High,Standard,62.0,12,Good
ACT-FH-3884-6722,145,22,70.89,14,90,81.08,242,A2,B1,High,Standard,60.6,12,Good
ACT-FH-3886-7240,148,22,71.0,14,90,82.66,241,A1,B1,Low,Enriched,61.3,12,Good
ACT-FH-3887-9290,145,22,71.1,14,90,80.54,241,A1,B2,Low,Standard,67.8,12,Bad
ACT-FH-3890-3971,147,22,68.98,14,90,83.47,241,A1,B2,Low,Standard,63.3,12,Good
ACT-FH-3891-1957,146,22,70.14,14,90,82.3,240,A2,B1,Low,Enriched,64.4,12,Good
ACT-FH-3893-1429,146,22,70.45,14,90,85.24,244,A1,B2,High,Standard,67.5,12,Good
ACT-FH-3896-4159,147,22,70.18,14,90,84.6,244,A1,B1,Low,Standard,62.6,12,Good
ACT-FH-3909-8543,145,22,69.34,14,90,82.56,240,A1,B1,Low,Enriched,64.8,12,Good
ACT-FH-3913-6115,148,22,70.85,14,90,83.85,242,A2,B1,High,Standard,67.0,12,Good
ACT-FH-3916-5332,145,22,72.09,14,90,84.99,242,A2,B1,High,Standard,60.2,12,Bad
ACT-FH-3920-4936,144,22,72.46,14,90,83.69,240,A1,B2,High,Standard,60.9,12,Good
ACT-FH-3926-4475,145,22,72.21,14,90,81.68,243,A2,B2,Low,Standard,66.5,12,Good
ACT-FH-3929-2916,145,22,70.92,14,90,81.95,240,A1,B1,High,Enriched,62.9,12,Good
ACT-FH-3934-7646,145,22,71.35,14,90,80.94,244,A1,B2,High,Standard,62.6,12,Good
ACT-FH-3935-7152,145,22,69.22,14,90,83.19,241,A2,B2,High,Standard,67.4,12,Good
ACT-FH-3939-8544,145,22,70.18,14,90,84.07,241,A1,B1,High,Enriched,63.2,12,Good
ACT-FH-3941-1596,147,22,69.03,14,90,84.22,244,A2,B1,High,Standard,67.3,12,Bad
ACT-FH-3948-8049,146,22,70.55,14,90,82.68,240,A1,B1,High,Standard,61.9,12,Good
ACT-FH-3957-3930,147,22,69.25,14,90,82.9,240,A1,B2,High,Standard,69.1,12,Bad
ACT-FH-3967-0988,147,22,69.41,14,90,83.59,240,A2,B1,Low,Enriched,64.6,12,Good
ACT-FH-3967-2150,148,22,71.02,14,90,83.72,242,A2,B1,Low,Standard,60.6,12,Good
ACT-FH-3969-0820,146,22,69.32,14,90,82.31,240,A2,B1,Low,Enriched,69.8,12,Bad
ACT-FH-3972-5436,147,22,72.33,14,90,80.53,241,A1,B2,Low,Enriched,66.3,12,Good
ACT-FH-3982-7113,144,22,71.5,14,90,81.42,242,A1,B2,Low,Standard,63.9,12,Good
ACT-FH-3986-1879,144,22,69.28,14,90,85.2,242,A1,B2,High,Standard,63.7,12,Bad
ACT-FH-3988-8606,148,22,70.65,14,90,84.86,242,A2,B2,High,Standard,69.5,12,Good
ACT-FH-3993-6826,144,22,69.0,14,90,83.76,244,A2,B1,High,Standard,63.3,12,Good
ACT-FH-4010-7824,146,22,69.97,14,90,81.8,243,A2,B2,High,Enriched,64.8,12,Good
ACT-FH-4012-0408,146,22,72.18,14,90,83.73,244,A1,B2,High,Standard,65.0,12,Good
ACT-FH-4015-3090,148,22,72.24,14,90,81.24,244,A2,B2,High,Enriched,68.9,12,Good
ACT-FH-4035-0810,148,22,70.45,14,90,84.84,240,A1,B2,High,Standard,67.4,12,Bad
ACT-FH-4043-5476,148,22,71.91,14,90,81.81,241,A1,B2,Low,Enriched,67.9,12,Good
ACT-FH-4044-9159,146,22,70.37,14,90,84.87,242,A2,B2,High,Standard,65.8,12,Good
ACT-FH-4054-3441,148,22,69.15,14,90,83.39,241,A1,B2,Low,Enriched,69.6,12,Good
ACT-FH-4064-3478,144,22,70.04,14,90,82.42,244,A1,B2,High,Enriched,66.4,12,Good
ACT-FH-4072-7788,145,22,69.96,14,90,84.27,240,A2,B1,High,Standard,67.2,12,Bad
ACT-FH-4094-5958,147,22,69.93,14,90,80.51,242,A1,B2,High,Standard,64.1,12,Good
ACT-FH-4099-7283,144,22,70.01,14,90,84.08,244,A2,B2,High,Enriched,62.9,12,Bad
ACT-FH-4109-2105,148,22,72.46,14,90,84.27,242,A1,B2,Low,Enriched,63.4,12,Bad
ACT-FH-4109-6948,144,22,71.68,14,90,81.38,240,A2,B1,High,Standard,66.1,12,Good
ACT-FH-4110-6712,146,22,71.03,14,90,82.19,243,A1,B1,Low,Standard,68.3,12,Bad
ACT-FH-4115-6984,148,22,69.69,14,90,85.18,242,A2,B1,High,Enriched,66.7,12,Bad
ACT-FH-4116-0724,144,22,72.02,14,90,83.69,242,A2,B1,High,Enriched,63.2,12,Good
ACT-FH-4136-3946,144,22,72.25,14,90,81.84,240,A2,B2,Low,Enriched,67.2,12,Good
ACT-FH-4142-5958,145,22,69.8,14,90,80.97,244,A2,B1,Low,Standard,67.1,12,Good
ACT-FH-4142-8652,144,22,69.8,14,90,81.89,242,A2,B1,Low,Standard,64.6,12,Bad
ACT-FH-4145-8266,144,22,71.54,14,90,83.04,240,A1,B2,High,Enriched,63.4,12,Good
ACT-FH-4149-8741,147,22,71.58,14,90,81.4,240,A2,B1,High,Standard,65.7,12,Good
ACT-FH-4155-8504,146,22,69.23,14,90,81.3,241,A1,B1,Low,Enriched,60.3,12,Good
ACT-FH-4166-5653,144,22,71.04,14,90,81.51,242,A1,B1,Low,Enriched,60.3,12,Good
ACT-FH-4168-9984,148,22,70.87,14,90,82.96,243,A2,B2,High,Standard,69.8,12,Good
ACT-FH-4193-4458,147,22,69.89,14,90,81.53,244,A1,B1,Low,Enriched,63.0,12,Good
ACT-FH-4194-7794,147,22,70.1,14,90,84.44,243,A1,B1,High,Standard,63.7,12,Good
ACT-FH-4197-6687,144,22,69.92,14,90,84.99,243,A1,B1,Low,Standard,66.7,12,Good
ACT-FH-4205-7228,145,22,69.66,14,90,81.9,242,A1,B2,Low,Standard,63.2,12,Good
ACT-FH-4208-2560,146,22,71.35,14,90,82.47,243,A1,B1,Low,Standard,67.5,12,Good
ACT-FH-4210-8630,144,22,69.35,14,90,84.64,243,A2,B2,Low,Standard,64.2,12,Bad
ACT-FH-4225-2318,148,22,71.24,14,90,81.44,243,A2,B2,Low,Enriched,63.2,12,Good
ACT-FH-4233-5941,145,22,70.84,14,90,81.95,241,A1,B1,High,Standard,66.2,12,Good
ACT-FH-4238-1760,148,22,71.91,14,90,85.19,240,A2,B2,High,Enriched,65.1,12,Good
ACT-FH-4244-8743,144,22,72.4,14,90,83.68,240,A1,B1,Low,Enriched,69.5,12,Bad
ACT-FH-4253-7389,145,22,70.28,14,90,82.33,242,A1,B1,High,Enriched,65.9,12,Good
ACT-FH-4267-2266,147,22,71.4,14,90,83.89,240,A2,B2,High,Standard,63.1,12,Good
ACT-FH-4276-8926,145,22,72.36,14,90,83.9,240,A1,B2,Low,Standard,69.5,12,Good
ACT-FH-4310-9059,145,22,69.3,14,90,83.8,240,A1,B2,High,Standard,67.4,12,Good
ACT-FH-4318-4778,145,22,72.46,14,90,84.07,241,A1,B1,Low,Enriched,68.6,12,Bad
ACT-FH-4323-1854,147,22,69.54,14,90,82.72,241,A2,B1,Low,Standard,66.4,12,Good
ACT-FH-4323-8239,146,22,69.32,14,90,83.22,240,A2,B2,High,Enriched,61.3,12,Bad
ACT-FH-4329-6360,147,22,70.29,14,90,82.74,243,A2,B1,Low,Enriched,66.8,12,Good
ACT-FH-4338-7493,144,22,69.0,14,90,82.36,244,A2,B1,Low,Standard,64.5,12,Good
ACT-FH-4351-2571,146,22,69.62,14,90,80.34,242,A2,B2,High,Enriched,66.3,12,Good
ACT-FH-4375-8876,147,22,69.21,14,90,80.38,242,A1,B1,Low,Enriched,65.2,12,Bad
ACT-FH-4376-1504,146,22,72.25,14,90,83.94,244,A2,B1,Low,Standard,61.7,12,Good
ACT-FH-4397-3890,148,22,71.46,14,90,81.49,244,A2,B1,High,Standard,65.1,12,Good
ACT-FH-4418-7889,148,22,70.32,14,90,84.26,243,A1,B1,High,Standard,68.8,12,Good
ACT-FH-4420-5086,144,22,69.01,14,90,84.1,240,A1,B1,Low,Standard,62.5,12,Good
ACT-FH-4421-9878,144,22,69.13,14,90,80.54,241,A2,B1,Low,Standard,65.1,12,Good
ACT-FH-4430-2619,144,22,71.88,14,90,82.49,244,A1,B1,Low,Enriched,61.3,12,Good
ACT-FH-4436-5043,148,22,72.42,14,90,81.62,241,A2,B1,Low,Enriched,63.7,12,Good
ACT-FH-4437-1374,148,22,70.56,14,90,81.24,240,A2,B2,High,Standard,62.5,12,Good
ACT-FH-4444-9751,147,22,70.71,14,90,80.96,243,A2,B2,High,Standard,69.7,12,Good
ACT-FH-4445-5877,147,22,71.19,14,90,82.86,243,A1,B1,High,Enriched,65.9,12,Good
ACT-FH-4449-9234,146,22,70.96,14,90,80.57,240,A2,B2,Low,Standard,64.5,12,Bad
ACT-FH-4453-8400,146,22,70.62,14,90,82.07,243,A1,B1,Low,Enriched,61.8,12,Good
ACT-FH-4469-3596,147,22,71.55,14,90,80.91,240,A2,B1,High,Standard,68.7,12,Good
ACT-FH-4471-0692,144,22,70.63,14,90,85.03,244,A1,B1,Low,Enriched,64.6,12,Good
ACT-FH-4472-6026,145,22,71.05,14,90,81.3,241,A1,B2,High,Standard,62.3,12,Good
ACT-FH-4491-2728,144,22,70.86,14,90,84.98,242,A1,B2,High,Standard,62.4,12,Good
ACT-FH-4496-6729,145,22,70.87,14,90,80.65,241,A2,B1,Low,Enriched,60.3,12,Good
ACT-FH-4496-9616,147,22,71.72,14,90,80.6,242,A2,B1,Low,Enriched,65.4,12,Bad
ACT-FH-4499-8162,144,22,68.98,14,90,80.85,240,A1,B1,Low,Enriched,66.3,12,Good
ACT-FH-4500-9017,145,22,69.85,14,90,81.08,240,A1,B1,High,Standard,69.9,12,Good
ACT-FH-4506-4760,147,22,70.8,14,90,82.92,244,A1,B1,High,Enriched,68.6,12,Good
ACT-FH-4510-8318,145,22,70.23,14,90,81.47,241,A2,B1,Low,Enriched,65.9,12,Bad
ACT-FH-4517-4589,148,22,72.43,14,90,82.26,241,A1,B2,Low,Enriched,69.6,12,Good
ACT-FH-4518-0495,144,22,70.52,14,90,84.6,242,A1,B1,High,Enriched,62.5,12,Good
ACT-FH-4518-9983,144,22,70.2,14,90,84.69,244,A1,B1,Low,Enriched,60.6,12,Good
ACT-FH-4523-7160,148,22,69.69,14,90,83.17,241,A1,B1,Low,Enriched,67.6,12,Good
ACT-FH-4560-0021,145,22,69.16,14,90,84.95,241,A2,B2,High,Standard,64.0,12,Good
ACT-FH-4562-1229,145,22,71.29,14,90,84.18,244,A2,B2,Low,Standard,65.9,12,Good
ACT-FH-4574-1836,144,22,71.87,14,90,83.38,243,A2,B1,Low,Enriched,60.7,12,Good
ACT-FH-4577-9211,147,22,70.36,14,90,83.06,244,A1,B1,High,Standard,69.8,12,Good
ACT-FH-4580-6504,148,22,71.43,14,90,83.18,242,A2,B2,Low,Standard,68.6,12,Good
ACT-FH-4587-0613,144,22,69.02,14,90,82.15,244,A2,B2,High,Standard,66.7,12,Good
ACT-FH-4594-3777,146,22,72.29,14,90,80.95,243,A2,B1,Low,Enriched,67.6,12,Good
ACT-FH-4600-2009,148,22,70.55,14,90,80.51,240,A1,B2,High,Enriched,61.8,12,Good
ACT-FH-4612-3127,147,22,71.48,14,90,82.95,242,A2,B1,High,Standard,66.2,12,Good
ACT-FH-4624-1750,145,22,70.63,14,90,84.97,243,A1,B2,High,Standard,60.5,12,Bad
ACT-FH-4624-2604,147,22,69.67,14,90,83.83,244,A1,B1,High,Standard,67.1,12,Good
ACT-FH-4625-9766,144,22,71.86,14,90,81.53,243,A2,B1,High,Standard,61.5,12,Bad
ACT-FH-4629-0295,145,22,70.92,14,90,83.64,241,A2,B2,High,Enriched,61.5,12,Good
ACT-FH-4636-6406,145,22,69.05,14,90,83.96,242,A2,B2,Low,Standard,67.3,12,Good
ACT-FH-4642-7921,148,22,72.0,14,90,84.15,243,A1,B1,Low,Enriched,65.5,12,Good
ACT-FH-4646-3978,145,22,68.95,14,90,81.69,240,A2,B2,Low,Enriched,68.6,12,Good
ACT-FH-4649-1860,146,22,70.23,14,90,84.58,244,A1,B2,Low,Standard,65.0,12,Good
ACT-FH-4659-0918,146,22,70.94,14,90,85.28,241,A2,B2,Low,Enriched,63.1,12,Good
ACT-FH-4660-0410,144,22,69.81,14,90,81.05,243,A2,B2,Low,Enriched,61.8,12,Good
ACT-FH-4671-1143,145,22,71.99,14,90,83.58,241,A1,B1,Low,Enriched,65.5,12,Bad
ACT-FH-4675-1334,144,22,72.34,14,90,83.42,243,A1,B2,High,Standard,60.2,12,Good
ACT-FH-4680-4731,148,22,71.09,14,90,84.18,243,A1,B1,High,Standard,61.6,12,Good
ACT-FH-4686-3299,148,22,71.37,14,90,85.17,240,A1,B1,High,Enriched,69.4,12,Good
ACT-FH-4688-5904,146,22,70.08,14,90,82.5,242,A1,B1,Low,Standard,60.7,12,Good
ACT-FH-4689-3673,145,22,71.28,14,90,82.31,241,A1,B2,High,Enriched,60.6,12,Bad
ACT-FH-4691-9615,147,22,70.01,14,90,84.34,241,A2,B1,Low,Standard,64.9,12,Good
ACT-FH-4692-6121,146,22,71.12,14,90,83.87,241,A1,B2,Low,Enriched,66.2,12,Good
ACT-FH-4702-6065,148,22,70.19,14,90,84.31,242,A2,B2,High,Standard,61.5,12,Good
ACT-FH-4713-1464,144,22,72.29,14,90,81.24,243,A2,B2,High,Standard,69.4,12,Bad
ACT-FH-4720-9868,148,22,72.21,14,90,84.46,243,A1,B1,Low,Enriched,69.4,12,Bad
ACT-FH-4734-8513,144,22,71.96,14,90,85.28,244,A1,B2,High,Standard,64.2,12,Good
ACT-FH-4745-7855,148,22,70.58,14,90,81.92,240,A1,B2,High,Enriched,63.7,12,Good
ACT-FH-4755-3005,147,22,70.46,14,90,80.71,242,A1,B1,High,Standard,61.0,12,Good
ACT-FH-4757-1930,144,22,70.22,14,90,81.0,240,A1,B2,Low,Enriched,68.6,12,Good
ACT-FH-4758-5432,145,22,72.06,14,90,85.16,242,A1,B2,Low,Standard,69.3,12,Good
ACT-FH-4764-7406,148,22,70.99,14,90,83.04,242,A2,B2,Low,Standard,63.9,12,Good
ACT-FH-4782-9630,147,22,69.2,14,90,85.23,240,A1,B2,Low,Enriched,66.1,12,Bad
ACT-FH-4784-3772,146,22,71.47,14,90,83.03,240,A2,B1,Low,Enriched,68.2,12,Bad
ACT-FH-4788-3142,146,22,69.73,14,90,83.28,240,A1,B1,Low,Standard,66.5,12,Good
ACT-FH-4789-9537,148,22,70.81,14,90,81.75,244,A1,B2,High,Enriched,69.8,12,Good
ACT-FH-4791-5604,146,22,69.49,14,90,82.89,240,A1,B2,High,Standard,63.7,12,Good
ACT-FH-4791-7318,147,22,70.64,14,90,81.31,242,A2,B2,High,Enriched,65.9,12,Bad
ACT-FH-4796-5315,146,22,69.14,14,90,80.56,244,A1,B2,Low,Standard,65.5,12,Bad
ACT-FH-4799-9489,146,22,71.11,14,90,81.12,240,A2,B1,Low,Enriched,69.6,12,Good
ACT-FH-4806-8766,145,22,70.37,14,90,82.37,240,A2,B1,Low,Enriched,61.3,12,Good
ACT-FH-4811-5342,148,22,71.48,14,90,84.65,243,A1,B2,High,Standard,69.0,12,Good
ACT-FH-4812-6007,148,22,70.15,14,90,84.29,242,A1,B2,High,Standard,67.4,12,Good
ACT-FH-4819-1057,145,22,72.45,14,90,82.11,243,A1,B1,High,Standard,67.5,12,Good
ACT-FH-4831-8576,146,22,68.85,14,90,85.06,243,A2,B1,High,Standard,61.2,12,Bad
ACT-FH-4836-4538,147,22,72.11,14,90,81.08,242,A1,B2,Low,Enriched,68.5,12,Good
ACT-FH-4846-8745,145,22,72.34,14,90,84.07,242,A2,B1,High,Standard,67.8,12,Bad
ACT-FH-4852-0218,147,22,69.92,14,90,83.38,240,A1,B1,High,Standard,66.6,12,Good
ACT-FH-4859-9527,147,22,69.85,14,90,80.39,244,A2,B1,Low,Standard,68.7,12,Good
ACT-FH-4874-7499,147,22,68.96,14,90,84.37,243,A1,B2,Low,Enriched,62.5,12,Bad
ACT-FH-4885-6966,147,22,72.02,14,90,84.87,240,A1,B2,Low,Standard,65.0,12,Good
ACT-FH-4894-8089,144,22,70.59,14,90,81.6,240,A2,B2,High,Standard,60.6,12,Good
ACT-FH-4909-8893,147,22,72.0,14,90,83.29,244,A2,B1,Low,Standard,65.6,12,Good
ACT-FH-4912-8516,147,22,72.48,14,90,85.0,241,A1,B2,Low,Standard,64.2,12,Bad
ACT-FH-4918-9438,144,22,69.42,14,90,81.79,242,A1,B1,High,Enriched,67.9,12,Bad
ACT-FH-4919-6447,146,22,71.98,14,90,84.26,240,A1,B2,Low,Enriched,62.1,12,Good
ACT-FH-4922-9168,146,22,71.93,14,90,83.37,240,A2,B1,High,Enriched,61.0,12,Good
ACT-FH-4927-5433,144,22,71.0,14,90,83.9,244,A2,B1,Low,Standard,61.4,12,Bad
ACT-FH-4933-2326,148,22,72.01,14,90,81.2,240,A1,B1,Low,Standard,69.1,12,Good
ACT-FH-4970-7939,147,22,70.44,14,90,82.89,243,A2,B1,Low,Standard,62.8,12,Good
ACT-FH-4971-2005,144,22,70.49,14,90,83.9,242,A2,B2,Low,Enriched,63.4,12,Bad
ACT-FH-4984-9690,145,22,70.87,14,90,80.79,242,A2,B2,High,Enriched,68.5,12,Good
ACT-FH-4989-6306,148,22,71.67,14,90,83.54,242,A2,B1,Low,Enriched,69.5,12,Good
ACT-FH-4990-6927,144,22,69.75,14,90,80.47,240,A2,B1,Low,Enriched,66.5,12,Good
ACT-FH-4991-3522,145,22,72.12,14,90,84.21,242,A2,B1,High,Enriched,66.2,12,Good
ACT-FH-5003-5298,148,22,69.58,14,90,82.52,244,A2,B2,High,Enriched,68.7,12,Bad
ACT-FH-5013-7494,146,22,68.93,14,90,85.03,244,A2,B2,Low,Enriched,69.8,12,Good
ACT-FH-5019-8296,145,22,70.87,14,90,84.38,243,A1,B2,High,Standard,66.7,12,Good
ACT-FH-5026-3902,147,22,72.42,14,90,84.17,242,A2,B1,Low,Enriched,64.1,12,Bad
ACT-FH-5031-3539,145,22,72.24,14,90,84.64,243,A1,B2,High,Enriched,63.8,12,Good
ACT-FH-5033-1568,148,22,71.22,14,90,85.14,241,A2,B2,High,Enriched,66.0,12,Good
ACT-FH-5038-3629,144,22,70.3,14,90,83.43,243,A1,B1,High,Enriched,68.6,12,Good
ACT-FH-5042-6369,148,22,71.83,14,90,84.28,242,A2,B2,High,Standard,63.8,12,Good
ACT-FH-5058-9721,147,22,70.0,14,90,81.02,244,A2,B2,Low,Enriched,65.2,12,Good
ACT-FH-5061-6568,144,22,72.08,14,90,83.59,240,A1,B1,Low,Standard,65.0,12,Good
ACT-FH-5079-3255,145,22,72.19,14,90,83.36,240,A1,B1,High,Enriched,63.2,12,Good
ACT-FH-5081-0489,148,22,72.35,14,90,84.67,243,A1,B1,High,Enriched,64.6,12,Bad
ACT-FH-5086-1545,147,22,70.54,14,90,84.37,243,A2,B2,High,Standard,69.2,12,Bad
ACT-FH-5097-3618,147,22,71.76,14,90,80.43,240,A1,B1,High,Standard,63.5,12,Good
ACT-FH-5097-9750,147,22,70.72,14,90,82.99,241,A2,B1,Low,Standard,67.0,12,Good
ACT-FH-5098-3306,145,22,70.7,14,90,82.36,240,A1,B2,High,Standard,62.5,12,Good
ACT-FH-5111-5143,144,22,71.6,14,90,81.53,242,A1,B2,Low,Enriched,61.4,12,Good
ACT-FH-5120-5847,147,22,69.58,14,90,82.0,241,A2,B1,Low,Enriched,69.7,12,Good
ACT-FH-5121-1367,144,22,69.88,14,90,82.51,242,A2,B2,High,Enriched,69.1,12,Bad
ACT-FH-5125-1045,145,22,68.92,14,90,84.59,244,A2,B2,High,Enriched,64.9,12,Bad
ACT-FH-5152-5502,144,22,69.8,14,90,83.56,241,A2,B1,High,Standard,63.7,12,Good
ACT-FH-5157-8050,144,22,69.38,14,90,84.89,243,A1,B1,High,Standard,67.4,12,Good
ACT-FH-5162-6355,148,22,68.96,14,90,83.17,244,A1,B1,High,Standard,64.5,12,Good
ACT-FH-5167-9923,147,22,72.43,14,90,85.15,241,A2,B2,Low,Standard,68.6,12,Bad
ACT-FH-5172-6377,147,22,72.21,14,90,84.54,241,A1,B2,Low,Enriched,62.9,12,Good
ACT-FH-5175-6714,146,22,69.51,14,90,81.17,243,A1,B2,Low,Enriched,67.1,12,Good
ACT-FH-5178-1333,144,22,70.36,14,90,83.77,243,A2,B2,High,Enriched,63.5,12,Good
ACT-FH-5180-5294,146,22,70.41,14,90,83.35,244,A2,B2,High,Enriched,60.8,12,Bad
ACT-FH-5192-8310,146,22,71.88,14,90,84.8,241,A2,B2,Low,Standard,62.4,12,Bad
ACT-FH-5200-3668,147,22,70.46,14,90,81.85,241,A2,B2,Low,Standard,62.9,12,Good
ACT-FH-5203-0865,147,22,70.65,14,90,80.89,242,A2,B2,High,Enriched,60.6,12,Good
ACT-FH-5209-5440,147,22,72.11,14,90,83.59,242,A2,B2,Low,Standard,67.8,12,Good
ACT-FH-5213-3078,145,22,71.68,14,90,83.02,240,A1,B1,Low,Standard,61.8,12,Good
ACT-FH-5221-7897,146,22,70.95,14,90,82.73,244,A2,B1,Low,Standard,67.3,12,Good
ACT-FH-5225-4118,144,22,70.31,14,90,84.15,241,A2,B1,Low,Enriched,64.9,12,Good
ACT-FH-5240-6974,144,22,72.43,14,90,84.57,244,A1,B2,High,Standard,68.7,12,Good
ACT-FH-5250-7478,146,22,70.35,14,90,81.37,244,A2,B1,High,Enriched,65.6,12,Bad
ACT-FH-5260-8441,147,22,69.74,14,90,82.74,244,A1,B1,High,Standard,69.2,12,Good
ACT-FH-5266-0911,144,22,71.81,14,90,84.61,242,A1,B1,High,Standard,68.9,12,Bad
ACT-FH-5271-8070,147,22,69.41,14,90,82.19,240,A2,B2,Low,Standard,68.8,12,Good
ACT-FH-5272-6884,148,22,69.2,14,90,84.51,241,A1,B1,Low,Enriched,66.7,12,Good
ACT-FH-5274-4938,148,22,72.08,14,90,81.02,241,A2,B1,Low,Standard,62.9,12,Good
ACT-FH-5277-7848,148,22,71.05,14,90,84.49,244,A2,B2,Low,Enriched,66.5,12,Bad
ACT-FH-5290-6123,147,22,71.78,14,90,84.31,242,A2,B2,Low,Enriched,60.6,12,Good
ACT-FH-5293-3253,146,22,71.52,14,90,83.79,240,A2,B1,High,Standard,67.2,12,Good
ACT-FH-5294-9608,145,22,69.57,14,90,80.86,243,A1,B2,Low,Enriched,62.9,12,Good
ACT-FH-5303-3529,144,22,69.96,14,90,84.55,241,A2,B2,High,Enriched,63.5,12,Good
ACT-FH-5312-8024,146,22,71.86,14,90,85.13,242,A2,B1,High,Standard,67.2,12,Good
ACT-FH-5317-8051,144,22,70.97,14,90,80.97,243,A2,B1,High,Enriched,67.4,12,Good
ACT-FH-5323-9398,148,22,70.2,14,90,83.74,243,A1,B2,Low,Standard,65.4,12,Good
ACT-FH-5337-6456,146,22,71.78,14,90,82.69,242,A1,B2,Low,Enriched,67.5,12,Good
ACT-FH-5350-6715,148,22,70.5,14,90,84.21,242,A2,B2,Low,Standard,60.7,12,Good
ACT-FH-5351-0506,146,22,71.02,14,90,84.87,241,A1,B1,High,Standard,61.8,12,Bad
ACT-FH-5353-0678,146,22,69.92,14,90,82.8,240,A2,B1,High,Enriched,67.7,12,Good
ACT-FH-5355-0414,145,22,70.55,14,90,83.24,241,A2,B2,Low,Standard,69.2,12,Bad
ACT-FH-5355-2751,148,22,71.19,14,90,82.15,244,A1,B1,High,Standard,60.8,12,Bad
ACT-FH-5356-7002,144,22,71.91,14,90,85.16,241,A1,B2,Low,Standard,65.6,12,Good
ACT-FH-5360-6791,144,22,71.38,14,90,83.11,244,A2,B2,High,Enriched,69.4,12,Good
ACT-FH-5365-2090,148,22,68.88,14,90,82.07,244,A2,B2,High,Enriched,61.3,12,Bad
ACT-FH-5375-2892,145,22,70.19,14,90,83.8,244,A1,B1,Low,Enriched,64.6,12,Bad
ACT-FH-5376-2371,146,22,70.78,14,90,82.2,241,A1,B2,High,Standard,66.5,12,Good
ACT-FH-5384-1819,144,22,69.69,14,90,83.15,242,A1,B2,High,Standard,61.2,12,Good
ACT-FH-5384-8996,147,22,71.55,14,90,81.92,240,A1,B1,High,Enriched,60.7,12,Bad
ACT-FH-5385-2304,146,22,72.33,14,90,81.54,243,A1,B1,Low,Enriched,63.1,12,Good
ACT-FH-5393-9220,147,22,72.01,14,90,82.08,242,A2,B1,Low,Enriched,67.1,12,Good
ACT-FH-5410-0135,145,22,70.01,14,90,84.1,241,A2,B2,High,Enriched,67.8,12,Bad
ACT-FH-5429-8518,145,22,71.92,14,90,80.51,241,A2,B1,High,Standard,69.0,12,Good
ACT-FH-5446-9102,146,22,69.8,14,90,82.57,241,A2,B2,High,Enriched,66.4,12,Good
ACT-FH-5447-4668,147,22,68.85,14,90,80.7,242,A2,B2,High,Enriched,65.8,12,Good
ACT-FH-5453-6822,145,22,69.64,14,90,81.86,241,A2,B1,High,Standard,68.8,12,Bad
ACT-FH-5454-1822,146,22,71.93,14,90,83.99,244,A2,B2,High,Standard,64.5,12,Good
ACT-FH-5463-1538,147,22,71.02,14,90,84.39,241,A1,B2,Low,Standard,62.6,12,Bad
ACT-FH-5483-1484,144,22,71.4,14,90,84.88,241,A2,B1,High,Enriched,68.4,12,Bad
ACT-FH-5485-4072,148,22,70.94,14,90,80.64,240,A2,B2,Low,Standard,60.2,12,Bad
ACT-FH-5508-6224,147,22,70.12,14,90,82.7,243,A1,B1,Low,Standard,65.9,12,Good
ACT-FH-5510-2156,145,22,71.94,14,90,81.83,241,A1,B1,High,Enriched,67.5,12,Good
ACT-FH-5511-1419,144,22,71.7,14,90,83.02,242,A1,B2,Low,Enriched,66.2,12,Bad
ACT-FH-5512-8360,148,22,70.91,14,90,83.51,241,A1,B1,Low,Enriched,62.7,12,Good
ACT-FH-5514-1481,146,22,70.81,14,90,83.3,243,A2,B1,Low,Standard,67.6,12,Bad
ACT-FH-5515-0479,145,22,69.2,14,90,80.83,242,A2,B2,High,Standard,63.0,12,Good
ACT-FH-5528-9952,146,22,71.83,14,90,84.5,243,A1,B2,Low,Standard,65.5,12,Bad
ACT-FH-5537-2145,148,22,70.62,14,90,81.21,241,A2,B1,Low,Standard,68.7,12,Good
ACT-FH-5541-0283,146,22,69.66,14,90,84.43,243,A1,B1,Low,Enriched,61.0,12,Bad
ACT-FH-5542-4116,145,22,70.51,14,90,80.89,244,A2,B1,Low,Enriched,68.6,12,Good
ACT-FH-5554-9268,147,22,72.02,14,90,80.77,242,A1,B1,Low,Standard,67.7,12,Good
ACT-FH-5555-1025,146,22,71.85,14,90,83.17,242,A2,B2,High,Enriched,62.5,12,Good
ACT-FH-5558-2800,144,22,72.02,14,90,82.24,242,A2,B1,Low,Enriched,64.9,12,Good
ACT-FH-5559-9871,147,22,72.06,14,90,81.59,240,A1,B2,High,Standard,68.1,12,Good
ACT-FH-5575-4902,144,22,70.51,14,90,82.84,241,A2,B1,High,Standard,68.4,12,Bad
ACT-FH-5584-6975,147,22,69.63,14,90,83.33,243,A1,B1,High,Enriched,67.0,12,Good
ACT-FH-5590-1642,147,22,69.28,14,90,84.73,243,A1,B2,Low,Standard,60.9,12,Good
ACT-FH-5593-0492,144,22,69.83,14,90,82.21,243,A1,B2,Low,Standard,65.6,12,Bad
ACT-FH-5594-4919,148,22,69.05,14,90,84.29,240,A1,B1,High,Standard,60.3,12,Bad
ACT-FH-5594-7387,148,22,70.13,14,90,84.74,241,A2,B2,High,Standard,65.6,12,Good
ACT-FH-5596-4898,148,22,68.91,14,90,82.39,243,A1,B1,High,Enriched,67.0,12,Good
ACT-FH-5601-1269,148,22,71.7,14,90,80.86,240,A1,B1,Low,Standard,63.3,12,Bad
ACT-FH-5605-5000,146,22,71.84,14,90,80.86,242,A1,B1,High,Enriched,65.1,12,Bad
ACT-FH-5609-3014,145,22,70.96,14,90,82.2,243,A2,B1,High,Enriched,64.5,12,Good
ACT-FH-5610-5233,146,22,70.32,14,90,85.29,244,A2,B1,High,Standard,68.8,12,Good
ACT-FH-5619-8370,148,22,69.08,14,90,84.65,242,A2,B1,High,Standard,63.2,12,Good
ACT-FH-5623-9727,147,22,70.73,14,90,83.78,243,A1,B2,High,Standard,63.8,12,Good
ACT-FH-5646-6328,147,22,71.6,14,90,84.57,244,A2,B1,High,Standard,68.6,12,Good
ACT-FH-5647-8035,148,22,71.31,14,90,84.59,240,A2,B1,High,Standard,67.1,12,Good
ACT-FH-5652-9438,147,22,70.56,14,90,82.88,240,A2,B1,High,Standard,68.1,12,Good
ACT-FH-5661-4792,148,22,70.3,14,90,81.67,244,A1,B2,High,Enriched,64.7,12,Good
ACT-FH-5671-4783,148,22,72.1,14,90,80.89,240,A2,B1,High,Enriched,68.9,12,Good
ACT-FH-5672-8366,144,22,69.25,14,90,80.35,240,A1,B2,High,Enriched,68.5,12,Good
ACT-FH-5680-6418,147,22,71.9,14,90,81.14,241,A2,B1,High,Enriched,68.2,12,Good
ACT-FH-5686-8860,144,22,69.31,14,90,82.4,241,A2,B2,Low,Standard,65.1,12,Bad
ACT-FH-5687-1134,145,22,71.69,14,90,81.03,244,A2,B2,Low,Standard,65.2,12,Good
ACT-FH-5690-6760,144,22,69.37,14,90,80.81,244,A2,B2,Low,Standard,66.9,12,Good
ACT-FH-5691-3180,145,22,71.19,14,90,84.68,240,A2,B2,Low,Enriched,64.2,12,Good
ACT-FH-5692-2797,146,22,71.66,14,90,83.45,244,A1,B2,High,Enriched,66.4,12,Good
ACT-FH-5696-0465,147,22,72.26,14,90,83.35,240,A2,B1,High,Enriched,62.1,12,Good
ACT-FH-5702-5826,146,22,68.93,14,90,81.53,243,A1,B1,High,Standard,67.1,12,Good
ACT-FH-5704-9977,147,22,72.01,14,90,82.22,243,A2,B2,High,Enriched,62.9,12,Good
ACT-FH-5712-2572,144,22,72.22,14,90,81.79,243,A2,B1,Low,Enriched,63.6,12,Good
ACT-FH-5719-5311,148,22,70.04,14,90,81.78,241,A2,B1,Low,Standard,66.2,12,Bad
ACT-FH-5722-6183,146,22,69.47,14,90,84.08,240,A2,B2,Low,Standard,64.8,12,Good
ACT-FH-5728-4307,146,22,70.6,14,90,85.17,243,A2,B1,Low,Enriched,69.5,12,Good
ACT-FH-5733-5188,144,22,71.24,14,90,83.53,240,A1,B2,Low,Standard,62.6,12,Bad
ACT-FH-5738-5963,145,22,71.83,14,90,82.07,243,A1,B1,Low,Enriched,68.2,12,Bad
ACT-FH-5742-1643,147,22,72.38,14,90,82.11,241,A2,B1,High,Standard,60.7,12,Good
ACT-FH-5748-7881,148,22,69.88,14,90,83.24,240,A2,B2,Low,Enriched,61.3,12,Good
ACT-FH-5759-8802,145,22,69.05,14,90,81.54,241,A1,B1,Low,Enriched,64.4,12,Good
ACT-FH-5788-2129,146,22,71.42,14,90,83.55,241,A1,B1,High,Enriched,62.9,12,Good
ACT-FH-5789-3234,146,22,72.19,14,90,84.16,242,A2,B2,Low,Standard,61.0,12,Bad
ACT-FH-5800-8779,145,22,72.31,14,90,80.74,244,A2,B2,High,Enriched,68.0,12,Good
ACT-FH-5804-0316,146,22,71.86,14,90,84.89,243,A2,B1,High,Standard,63.3,12,Good
ACT-FH-5804-2630,146,22,69.23,14,90,83.12,243,A2,B1,High,Enriched,69.8,12,Good
ACT-FH-5813-1831,144,22,69.68,14,90,83.91,241,A2,B1,High,Standard,61.9,12,Good
ACT-FH-5815-3939,147,22,71.31,14,90,82.93,244,A1,B2,Low,Standard,69.4,12,Good
ACT-FH-5816-4607,145,22,70.64,14,90,80.94,242,A1,B2,High,Enriched,69.5,12,Good
ACT-FH-5822-2567,144,22,72.01,14,90,84.77,244,A1,B2,Low,Enriched,62.0,12,Good
ACT-FH-5825-1429,146,22,70.87,14,90,84.79,244,A2,B2,High,Enriched,69.6,12,Good
ACT-FH-5825-8797,148,22,70.5,14,90,84.12,244,A2,B2,High,Standard,64.5,12,Good
ACT-FH-5833-1882,147,22,70.89,14,90,83.92,242,A2,B1,High,Enriched,67.7,12,Good
ACT-FH-5841-8845,148,22,69.98,14,90,81.98,242,A1,B1,High,Enriched,69.9,12,Bad
ACT-FH-5848-5482,148,22,70.24,14,90,84.57,243,A1,B1,High,Standard,60.8,12,Good
ACT-FH-5848-7174,146,22,71.46,14,90,84.36,244,A2,B2,High,Enriched,61.0,12,Good
ACT-FH-5849-3839,146,22,72.31,14,90,84.35,244,A1,B2,High,Enriched,62.3,12,Good
ACT-FH-5852-7464,146,22,69.37,14,90,80.86,243,A1,B1,High,Standard,68.4,12,Good
ACT-FH-5888-6840,148,22,71.15,14,90,82.94,242,A1,B2,High,Enriched,65.1,12,Good
ACT-FH-5892-8721,144,22,70.78,14,90,85.33,243,A2,B1,High,Enriched,65.9,12,Good
ACT-FH-5903-7587,145,22,72.08,14,90,80.33,244,A1,B1,Low,Standard,64.0,12,Bad
ACT-FH-5909-9998,146,22,71.52,14,90,81.23,241,A2,B2,Low,Standard,65.4,12,Good
ACT-FH-5915-4775,146,22,69.54,14,90,82.59,244,A2,B1,Low,Standard,69.6,12,Good
ACT-FH-5924-0596,145,22,69.42,14,90,83.92,240,A2,B2,Low,Standard,65.7,12,Good
ACT-FH-5928-9124,146,22,71.71,14,90,84.43,244,A2,B2,High,Enriched,61.2,12,Bad
ACT-FH-5938-4766,148,22,72.15,14,90,82.4,242,A2,B2,High,Standard,61.4,12,Good
ACT-FH-5941-7151,144,22,70.39,14,90,83.7,243,A2,B2,Low,Standard,63.9,12,Good
ACT-FH-5961-8749,145,22,69.37,14,90,85.13,240,A1,B1,High,Standard,69.1,12,Good
ACT-FH-5967-7472,147,22,72.11,14,90,83.7,241,A1,B2,High,Enriched,67.1,12,Good
ACT-FH-5968-3226,148,22,69.43,14,90,81.03,244,A2,B1,High,Standard,63.6,12,Good
ACT-FH-5976-4829,146,22,69.03,14,90,81.2,241,A2,B2,High,Standard,68.4,12,Good
ACT-FH-5980-0193,145,22,69.73,14,90,83.67,242,A1,B1,High,Standard,64.5,12,Good
ACT-FH-5987-4260,146,22,70.59,14,90,84.41,240,A1,B1,High,Enriched,63.6,12,Good
ACT-FH-6006-9395,146,22,70.85,14,90,82.34,244,A2,B2,Low,Enriched,62.4,12,Good
ACT-FH-6010-4815,146,22,69.53,14,90,85.17,243,A1,B2,Low,Enriched,60.2,12,Good
ACT-FH-6013-2243,147,22,69.16,14,90,80.63,240,A1,B2,High,Standard,62.5,12,Bad
ACT-FH-6020-6820,146,22,71.99,14,90,83.27,241,A1,B1,Low,Standard,60.4,12,Good
ACT-FH-6030-8519,147,22,70.1,14,90,80.57,240,A2,B2,Low,Enriched,63.6,12,Good
ACT-FH-6035-8595,144,22,70.67,14,90,81.47,241,A2,B1,Low,Enriched,67.2,12,Bad
ACT-FH-6038-8643,146,22,68.91,14,90,84.69,243,A2,B1,High,Enriched,66.5,12,Bad
ACT-FH-6041-5527,147,22,70.5,14,90,81.73,242,A2,B2,High,Standard,68.5,12,Good
ACT-FH-6049-1044,144,22,71.27,14,90,81.43,240,A2,B1,High,Standard,67.1,12,Good
ACT-FH-6080-8819,147,22,71.16,14,90,83.59,242,A1,B2,High,Enriched,64.2,12,Good
ACT-FH-6098-6347,148,22,71.84,14,90,83.09,241,A1,B1,High,Enriched,65.6,12,Good
ACT-FH-6099-3226,145,22,69.96,14,90,81.88,240,A1,B1,High,Standard,67.1,12,Good
ACT-FH-6106-2681,146,22,69.25,14,90,83.82,242,A1,B1,High,Enriched,61.6,12,Bad
ACT-FH-6112-4877,147,22,71.11,14,90,83.78,241,A1,B2,Low,Standard,64.5,12,Good
ACT-FH-6123-3103,144,22,72.28,14,90,83.44,243,A2,B2,High,Enriched,60.2,12,Good
ACT-FH-6124-5338,148,22,69.38,14,90,83.18,242,A2,B2,High,Standard,64.7,12,Good
ACT-FH-6147-6221,146,22,69.22,14,90,82.15,243,A1,B2,Low,Enriched,68.2,12,Good
ACT-FH-6179-1867,148,22,72.36,14,90,81.03,241,A1,B2,Low,Standard,69.4,12,Good
ACT-FH-6182-6282,144,22,70.33,14,90,85.17,243,A2,B2,High,Standard,62.3,12,Good
ACT-FH-6186-4076,148,22,69.04,14,90,81.59,242,A2,B1,High,Standard,64.2,12,Bad
ACT-FH-6188-4295,148,22,71.07,14,90,80.48,243,A2,B2,High,Enriched,63.7,12,Good
ACT-FH-6193-4551,146,22,72.47,14,90,83.7,241,A1,B2,High,Standard,69.2,12,Good
ACT-FH-6198-8478,147,22,71.04,14,90,83.84,241,A2,B2,High,Standard,68.2,12,Good
ACT-FH-6223-2712,145,22,70.72,14,90,80.51,242,A1,B1,Low,Standard,63.8,12,Good
ACT-FH-6227-4616,145,22,71.7,14,90,85.1,242,A2,B2,Low,Enriched,61.4,12,Good
ACT-FH-6235-1142,144,22,69.53,14,90,81.52,242,A2,B1,High,Standard,62.0,12,Good
ACT-FH-6236-2723,144,22,70.82,14,90,81.14,243,A2,B2,High,Standard,60.6,12,Good
ACT-FH-6237-0448,144,22,71.29,14,90,83.29,243,A1,B1,Low,Enriched,67.5,12,Good
ACT-FH-6244-8575,145,22,70.78,14,90,80.41,240,A2,B1,High,Enriched,60.6,12,Bad
ACT-FH-6246-8917,148,22,70.38,14,90,82.79,240,A1,B2,High,Standard,65.8,12,Good
ACT-FH-6253-7019,147,22,70.66,14,90,81.71,242,A2,B1,Low,Enriched,69.5,12,Good
ACT-FH-6256-1934,144,22,69.63,14,90,83.84,243,A1,B1,Low,Enriched,69.7,12,Good
ACT-FH-6263-8113,146,22,70.88,14,90,82.29,241,A1,B2,High,Standard,66.0,12,Good
ACT-FH-6277-0640,148,22,72.2,14,90,80.9,244,A1,B2,High,Standard,65.5,12,Good
ACT-FH-6281-3014,148,22,69.64,14,90,81.84,242,A2,B2,Low,Enriched,65.5,12,Good
ACT-FH-6282-8987,147,22,70.13,14,90,80.4,240,A2,B1,Low,Standard,68.3,12,Good
ACT-FH-6288-9501,148,22,69.1,14,90,82.81,240,A1,B1,Low,Standard,67.5,12,Good
ACT-FH-6290-1318,146,22,69.04,14,90,81.36,240,A2,B1,High,Standard,67.3,12,Bad
ACT-FH-6294-5799,148,22,69.2,14,90,83.44,244,A2,B2,High,Standard,62.4,12,Good
ACT-FH-6296-8897,146,22,70.17,14,90,81.84,243,A1,B2,High,Standard,64.8,12,Bad
ACT-FH-6305-0502,145,22,70.39,14,90,84.12,243,A2,B2,Low,Enriched,66.8,12,Good
ACT-FH-6315-9319,144,22,69.45,14,90,82.62,244,A2,B2,High,Enriched,69.1,12,Good
ACT-FH-6318-3072,146,22,69.92,14,90,81.09,243,A1,B1,High,Standard,68.9,12,Good
ACT-FH-6319-4234,148,22,69.57,14,90,82.94,243,A2,B2,Low,Enriched,60.4,12,Bad
ACT-FH-6357-5128,146,22,72.3,14,90,82.0,243,A2,B2,High,Enriched,66.3,12,Good
ACT-FH-6392-2012,147,22,70.61,14,90,82.15,241,A1,B1,Low,Standard,66.2,12,Good
ACT-FH-6395-1595,146,22,70.77,14,90,84.8,244,A2,B1,Low,Enriched,67.9,12,Good
ACT-FH-6397-4805,145,22,72.4,14,90,82.19,241,A2,B2,Low,Enriched,60.3,12,Good
ACT-FH-6403-3192,148,22,71.66,14,90,81.23,244,A2,B2,High,Enriched,65.7,12,Good
ACT-FH-6413-4851,147,22,70.83,14,90,82.54,242,A1,B1,Low,Enriched,65.9,12,Good
ACT-FH-6416-7550,147,22,70.01,14,90,82.07,240,A2,B1,Low,Enriched,65.1,12,Good
ACT-FH-6421-2202,146,22,70.5,14,90,81.49,241,A1,B2,Low,Enriched,62.4,12,Bad
ACT-FH-6446-2216,147,22,72.12,14,90,81.28,240,A2,B2,Low,Standard,62.8,12,Bad
ACT-FH-6453-2346,146,22,70.91,14,90,80.57,244,A1,B1,Low,Standard,66.3,12,Good
ACT-FH-6466-7558,146,22,71.7,14,90,81.04,241,A2,B2,Low,Enriched,68.7,12,Good
ACT-FH-6468-5824,144,22,71.23,14,90,81.46,241,A1,B2,High,Standard,69.4,12,Good
ACT-FH-6472-1590,145,22,71.26,14,90,82.55,243,A1,B1,Low,Enriched,67.7,12,Bad
ACT-FH-6479-0376,144,22,70.44,14,90,82.29,242,A2,B1,Low,Enriched,69.2,12,Good
ACT-FH-6504-5624,147,22,70.58,14,90,83.3,243,A2,B2,High,Standard,69.8,12,Good
ACT-FH-6506-5929,148,22,70.63,14,90,81.32,244,A1,B1,Low,Standard,62.5,12,Good
ACT-FH-6507-9058,144,22,69.87,14,90,80.46,243,A1,B2,High,Standard,61.9,12,Good
ACT-FH-6513-1735,145,22,71.95,14,90,82.82,244,A1,B1,High,Standard,68.1,12,Good
ACT-FH-6532-6982,148,22,70.42,14,90,84.42,244,A1,B2,High,Standard,68.9,12,Good
ACT-FH-6547-2556,148,22,71.52,14,90,85.26,244,A2,B1,High,Standard,69.3,12,Bad
ACT-FH-6551-8400,146,22,71.88,14,90,82.44,243,A1,B1,Low,Standard,66.4,12,Bad
ACT-FH-6555-5457,144,22,69.35,14,90,80.54,243,A2,B1,High,Enriched,64.2,12,Good
ACT-FH-6558-3887,148,22,70.97,14,90,81.55,244,A2,B1,Low,Enriched,62.8,12,Bad
ACT-FH-6569-5738,144,22,69.47,14,90,84.64,244,A2,B1,Low,Standard,64.0,12,Good
ACT-FH-6576-0246,146,22,70.73,14,90,83.86,241,A1,B1,High,Enriched,66.6,12,Good
ACT-FH-6583-4823,145,22,69.06,14,90,82.7,240,A1,B1,High,Enriched,64.3,12,Good
ACT-FH-6586-3021,145,22,71.02,14,90,80.6,243,A2,B1,High,Standard,63.6,12,Good
ACT-FH-6588-4011,144,22,70.78,14,90,80.85,240,A2,B2,Low,Standard,60.7,12,Good
ACT-FH-6594-2585,146,22,72.47,14,90,84.93,240,A2,B1,Low,Enriched,67.6,12,Good
ACT-FH-6596-6887,146,22,71.64,14,90,80.67,244,A2,B1,High,Standard,64.0,12,Good
ACT-FH-6604-6428,147,22,70.47,14,90,81.12,243,A2,B2,High,Enriched,66.0,12,Bad
ACT-FH-6605-4190,144,22,69.58,14,90,81.67,242,A1,B1,Low,Enriched,63.0,12,Good
ACT-FH-6610-1242,148,22,71.54,14,90,85.24,240,A1,B2,High,Enriched,64.1,12,Good
ACT-FH-6623-0310,145,22,71.83,14,90,82.76,242,A1,B1,Low,Enriched,65.8,12,Good
ACT-FH-6626-5532,148,22,69.92,14,90,81.28,240,A2,B2,Low,Standard,66.7,12,Good
ACT-FH-6640-1235,145,22,71.11,14,90,80.38,243,A1,B2,High,Standard,62.7,12,Good
ACT-FH-6646-0086,147,22,70.48,14,90,82.49,242,A1,B2,High,Enriched,68.9,12,Good
ACT-FH-6650-5556,148,22,72.47,14,90,81.18,243,A1,B2,Low,Enriched,66.9,12,Good
ACT-FH-6654-9543,144,22,70.15,14,90,81.43,240,A1,B2,High,Standard,65.0,12,Good
ACT-FH-6659-0303,147,22,70.41,14,90,81.94,240,A1,B2,Low,Standard,63.9,12,Bad
ACT-FH-6669-4783,148,22,71.24,14,90,84.74,240,A1,B2,Low,Enriched,62.2,12,Bad
ACT-FH-6675-1195,145,22,71.29,14,90,81.2,240,A1,B1,High,Enriched,62.3,12,Bad
ACT-FH-6696-6555,145,22,71.83,14,90,80.57,243,A2,B1,High,Enriched,64.3,12,Good
ACT-FH-6699-0733,146,22,72.35,14,90,81.96,242,A1,B2,Low,Enriched,65.0,12,Bad
ACT-FH-6701-4598,144,22,71.5,14,90,83.97,243,A2,B2,High,Enriched,65.4,12,Good
ACT-FH-6714-0720,145,22,71.0,14,90,81.7,241,A2,B2,Low,Standard,60.8,12,Good
ACT-FH-6726-2530,145,22,71.5,14,90,81.1,241,A2,B1,High,Standard,66.8,12,Bad
ACT-FH-6740-2473,144,22,71.67,14,90,82.48,244,A2,B1,High,Standard,60.9,12,Good
ACT-FH-6754-2122,145,22,71.65,14,90,84.56,240,A1,B2,Low,Standard,68.9,12,Good
ACT-FH-6772-8554,145,22,71.01,14,90,82.56,241,A2,B2,High,Standard,62.9,12,Good
ACT-FH-6781-7123,145,22,72.04,14,90,81.33,243,A1,B1,High,Enriched,62.8,12,Good
ACT-FH-6788-5592,148,22,72.18,14,90,81.93,240,A1,B1,Low,Standard,65.5,12,Good
ACT-FH-6815-8963,144,22,72.14,14,90,84.88,240,A1,B1,Low,Standard,62.2,12,Good
ACT-FH-6816-2829,148,22,69.26,14,90,85.12,240,A1,B1,Low,Enriched,66.0,12,Bad
ACT-FH-6816-8467,145,22,71.62,14,90,81.0,242,A2,B2,Low,Enriched,61.8,12,Good
ACT-FH-6838-3734,147,22,69.99,14,90,82.48,242,A1,B1,High,Enriched,66.4,12,Good
ACT-FH-6839-3761,144,22,71.1,14,90,80.72,241,A1,B1,High,Enriched,62.0,12,Bad
ACT-FH-6853-6761,148,22,69.48,14,90,84.71,241,A2,B2,High,Standard,62.7,12,Good
ACT-FH-6853-9536,147,22,69.71,14,90,84.47,242,A2,B2,High,Enriched,64.1,12,Good
ACT-FH-6859-4182,147,22,71.05,14,90,84.48,241,A1,B2,Low,Standard,69.4,12,Good
ACT-FH-6870-2337,146,22,71.52,14,90,84.02,240,A2,B1,Low,Enriched,67.9,12,Good
ACT-FH-6870-2917,145,22,70.35,14,90,81.29,243,A2,B1,High,Standard,69.3,12,Good
ACT-FH-6895-1268,145,22,72.4,14,90,82.84,243,A1,B1,High,Enriched,68.1,12,Good
ACT-FH-6912-8623,144,22,69.17,14,90,84.99,243,A2,B2,High,Enriched,63.9,12,Good
ACT-FH-6913-8341,144,22,72.48,14,90,83.78,243,A2,B1,Low,Enriched,67.4,12,Bad
ACT-FH-6930-7327,144,22,69.12,14,90,83.43,242,A1,B1,Low,Enriched,68.8,12,Bad
ACT-FH-6942-4896,146,22,72.47,14,90,84.66,241,A1,B2,High,Enriched,68.4,12,Good
ACT-FH-6945-1986,147,22,69.76,14,90,82.56,243,A2,B1,High,Enriched,64.6,12,Good
ACT-FH-6946-5898,145,22,71.88,14,90,83.23,243,A2,B1,High,Enriched,61.0,12,Bad
ACT-FH-6952-1956,147,22,69.88,14,90,82.27,244,A1,B2,Low,Standard,62.4,12,Bad
ACT-FH-6972-2977,147,22,71.84,14,90,84.04,242,A1,B2,High,Enriched,68.8,12,Good
ACT-FH-6978-5312,146,22,72.03,14,90,81.98,243,A2,B1,High,Standard,67.5,12,Good
ACT-FH-6978-8253,145,22,69.28,14,90,80.83,244,A1,B2,Low,Enriched,69.8,12,Good
ACT-FH-6985-8944,144,22,69.5,14,90,83.26,243,A1,B1,High,Enriched,64.3,12,Good
ACT-FH-7006-0137,147,22,70.31,14,90,84.97,243,A2,B2,Low,Standard,65.9,12,Good
ACT-FH-7009-2844,146,22,69.19,14,90,83.38,244,A1,B2,Low,Enriched,68.6,12,Good
ACT-FH-7010-8429,147,22,70.92,14,90,84.11,242,A2,B2,Low,Enriched,68.5,12,Good
ACT-FH-7023-5512,145,22,72.38,14,90,80.76,242,A1,B1,Low,Enriched,64.2,12,Good
ACT-FH-7028-2057,144,22,71.12,14,90,83.33,240,A1,B1,Low,Enriched,64.7,12,Bad
ACT-FH-7029-1834,146,22,71.99,14,90,82.68,243,A1,B2,Low,Standard,66.4,12,Good
ACT-FH-7045-9977,145,22,70.24,14,90,80.59,243,A1,B2,High,Enriched,64.2,12,Good
ACT-FH-7049-9286,146,22,69.7,14,90,84.41,244,A1,B2,High,Enriched,60.9,12,Good
ACT-FH-7055-9895,145,22,71.72,14,90,82.24,241,A1,B1,Low,Standard,68.3,12,Good
ACT-FH-7069-5442,145,22,70.46,14,90,84.63,243,A2,B1,High,Enriched,69.8,12,Bad
ACT-FH-7080-3810,146,22,69.58,14,90,80.57,242,A1,B1,High,Standard,69.5,12,Good
ACT-FH-7084-4868,146,22,68.85,14,90,83.43,243,A1,B1,Low,Standard,66.5,12,Bad
ACT-FH-7085-3533,145,22,69.35,14,90,81.67,242,A1,B2,Low,Enriched,66.0,12,Good
ACT-FH-7092-8621,144,22,71.32,14,90,81.86,240,A1,B1,High,Standard,67.0,12,Good
ACT-FH-7097-0023,144,22,72.44,14,90,82.05,240,A1,B2,Low,Enriched,60.7,12,Good
ACT-FH-7097-8345,144,22,72.37,14,90,80.43,243,A2,B1,Low,Standard,63.5,12,Bad
ACT-FH-7102-8546,145,22,72.15,14,90,85.33,240,A1,B1,Low,Enriched,64.9,12,Good
ACT-FH-7124-3276,148,22,69.03,14,90,81.92,242,A2,B1,Low,Enriched,67.3,12,Good
ACT-FH-7142-7251,146,22,71.13,14,90,81.48,241,A1,B2,Low,Standard,62.8,12,Bad
ACT-FH-7154-1363,145,22,71.6,14,90,81.98,244,A1,B2,Low,Standard,67.0,12,Good
ACT-FH-7171-5004,148,22,69.65,14,90,83.3,243,A1,B1,High,Standard,68.2,12,Good
ACT-FH-7171-7415,147,22,70.03,14,90,81.98,241,A1,B2,Low,Standard,60.7,12,Good
ACT-FH-7235-4262,146,22,71.02,14,90,82.14,242,A1,B1,High,Standard,67.9,12,Good
ACT-FH-7235-4686,145,22,72.08,14,90,83.4,241,A2,B1,High,Standard,66.9,12,Good
ACT-FH-7256-7488,147,22,69.07,14,90,82.14,243,A1,B2,Low,Enriched,63.4,12,Good
ACT-FH-7259-4610,147,22,72.03,14,90,82.44,240,A2,B2,Low,Enriched,66.7,12,Good
ACT-FH-7262-9084,148,22,71.01,14,90,81.69,243,A1,B1,High,Standard,61.9,12,Good
ACT-FH-7267-8005,148,22,69.64,14,90,80.43,240,A1,B1,High,Standard,66.2,12,Good
ACT-FH-7279-3564,146,22,69.18,14,90,82.26,243,A1,B2,High,Enriched,65.1,12,Good
ACT-FH-7296-7278,147,22,71.15,14,90,84.6,244,A1,B2,Low,Enriched,68.7,12,Bad
ACT-FH-7312-7584,144,22,72.29,14,90,81.49,241,A1,B1,Low,Enriched,61.8,12,Good
ACT-FH-7321-8794,147,22,72.48,14,90,84.07,242,A1,B2,High,Standard,61.0,12,Good
ACT-FH-7341-1999,148,22,71.98,14,90,83.78,241,A1,B2,Low,Enriched,63.8,12,Bad
ACT-FH-7342-9722,146,22,70.11,14,90,83.32,243,A1,B2,High,Standard,66.4,12,Bad
ACT-FH-7345-0985,144,22,69.19,14,90,82.21,244,A1,B2,Low,Standard,68.4,12,Bad
ACT-FH-7347-5603,148,22,69.58,14,90,81.11,241,A2,B1,High,Enriched,65.7,12,Good
ACT-FH-7357-6108,147,22,69.02,14,90,81.22,242,A2,B2,High,Enriched,69.6,12,Good
ACT-FH-7373-6019,145,22,71.42,14,90,80.38,241,A1,B2,High,Enriched,68.4,12,Good
ACT-FH-7373-8638,147,22,68.86,14,90,81.57,243,A1,B1,High,Enriched,61.4,12,Bad
ACT-FH-7381-3887,144,22,70.83,14,90,82.1,243,A2,B2,High,Standard,61.6,12,Bad
ACT-FH-7393-1233,145,22,70.09,14,90,83.21,241,A2,B1,High,Standard,61.6,12,Good
ACT-FH-7396-9896,144,22,70.23,14,90,81.01,242,A1,B2,Low,Standard,67.6,12,Good
ACT-FH-7403-8889,144,22,71.35,14,90,81.93,240,A1,B1,Low,Standard,63.8,12,Good
ACT-FH-7419-7821,147,22,71.13,14,90,80.61,240,A2,B2,High,Standard,60.8,12,Good
ACT-FH-7424-2876,148,22,69.41,14,90,82.5,244,A1,B2,Low,Enriched,61.0,12,Good
ACT-FH-7426-7151,144,22,71.67,14,90,81.52,244,A2,B1,High,Enriched,60.8,12,Bad
ACT-FH-7429-1071,144,22,71.57,14,90,84.7,242,A1,B1,High,Standard,66.7,12,Good
ACT-FH-7439-3711,148,22,71.42,14,90,83.77,243,A2,B1,High,Enriched,61.4,12,Bad
ACT-FH-7446-1780,144,22,69.28,14,90,84.19,240,A1,B2,Low,Standard,63.5,12,Good
ACT-FH-7452-8345,148,22,70.06,14,90,83.88,242,A2,B1,High,Standard,67.5,12,Good
ACT-FH-7460-4463,147,22,70.37,14,90,81.54,244,A2,B1,Low,Enriched,66.9,12,Good
ACT-FH-7471-6265,145,22,70.05,14,90,83.34,243,A2,B2,High,Enriched,61.7,12,Good
ACT-FH-7477-7185,145,22,71.82,14,90,85.12,240,A2,B2,Low,Standard,66.4,12,Good
ACT-FH-7501-9874,145,22,69.45,14,90,84.05,242,A1,B2,Low,Standard,60.8,12,Bad
ACT-FH-7502-4324,146,22,70.12,14,90,82.35,241,A1,B1,High,Enriched,62.6,12,Good
ACT-FH-7508-4300,147,22,71.02,14,90,80.66,243,A1,B2,High,Standard,61.4,12,Good
ACT-FH-7524-1175,146,22,69.13,14,90,83.55,240,A2,B2,High,Standard,61.1,12,Bad
ACT-FH-7525-1512,146,22,71.19,14,90,82.78,240,A2,B1,High,Enriched,61.6,12,Bad
ACT-FH-7525-5971,146,22,70.85,14,90,85.25,241,A1,B1,High,Standard,64.0,12,Bad
ACT-FH-7531-4780,144,22,72.21,14,90,81.1,241,A2,B1,High,Standard,68.8,12,Good
ACT-FH-7539-8062,145,22,72.12,14,90,83.6,241,A1,B2,Low,Enriched,63.3,12,Good
ACT-FH-7554-2128,147,22,71.86,14,90,82.52,244,A1,B2,High,Enriched,63.0,12,Good
ACT-FH-7557-1184,148,22,69.18,14,90,83.86,241,A1,B1,High,Standard,68.5,12,Bad
ACT-FH-7557-8043,147,22,71.28,14,90,85.16,240,A2,B1,High,Standard,61.4,12,Good
ACT-FH-7571-0818,147,22,69.74,14,90,83.51,241,A1,B2,Low,Enriched,69.6,12,Good
ACT-FH-7580-3424,145,22,69.72,14,90,84.91,243,A1,B2,High,Standard,68.1,12,Good
ACT-FH-7583-8579,147,22,71.18,14,90,83.19,240,A2,B1,Low,Standard,66.4,12,Good
ACT-FH-7585-2862,144,22,71.91,14,90,83.93,244,A2,B2,Low,Enriched,67.6,12,Good
ACT-FH-7588-4935,146,22,71.7,14,90,80.95,240,A1,B1,Low,Enriched,67.3,12,Good
ACT-FH-7609-4055,146,22,71.81,14,90,84.81,242,A2,B2,High,Standard,68.5,12,Good
ACT-FH-7625-0018,147,22,72.43,14,90,84.31,244,A1,B2,High,Standard,60.9,12,Bad
ACT-FH-7632-0431,146,22,72.45,14,90,84.63,240,A2,B1,High,Standard,66.8,12,Bad
ACT-FH-7640-8751,145,22,70.51,14,90,82.13,241,A1,B1,High,Enriched,66.6,12,Bad
ACT-FH-7643-5987,144,22,69.47,14,90,83.94,243,A1,B1,High,Enriched,67.8,12,Good
ACT-FH-7660-7258,147,22,69.5,14,90,83.52,242,A2,B1,High,Standard,62.6,12,Good
ACT-FH-7668-5339,148,22,72.0,14,90,81.82,243,A1,B2,Low,Enriched,66.3,12,Good
ACT-FH-7673-2686,148,22,71.28,14,90,82.63,240,A1,B2,Low,Standard,61.5,12,Good
ACT-FH-7705-3405,146,22,69.64,14,90,83.09,240,A1,B2,High,Standard,67.5,12,Good
ACT-FH-7715-8391,145,22,70.72,14,90,81.66,240,A2,B2,High,Enriched,63.8,12,Good
ACT-FH-7718-0806,147,22,71.18,14,90,82.04,243,A2,B2,Low,Standard,66.2,12,Bad
ACT-FH-7742-9187,145,22,68.85,14,90,80.79,243,A1,B1,Low,Standard,67.3,12,Good
ACT-FH-7761-5622,145,22,69.86,14,90,81.84,241,A1,B1,Low,Standard,65.5,12,Good
ACT-FH-7769-2927,144,22,69.91,14,90,84.55,241,A1,B2,Low,Standard,64.8,12,Good
ACT-FH-7777-0647,148,22,69.83,14,90,82.88,243,A2,B1,High,Standard,62.5,12,Good
ACT-FH-7783-8084,146,22,72.48,14,90,82.18,242,A1,B2,High,Enriched,69.1,12,Good
ACT-FH-7823-1125,146,22,69.87,14,90,83.16,241,A1,B1,High,Enriched,64.4,12,Bad
ACT-FH-7825-3704,145,22,71.06,14,90,81.13,243,A1,B1,Low,Enriched,60.4,12,Good
ACT-FH-7837-1690,147,22,69.74,14,90,83.41,244,A2,B1,High,Standard,65.7,12,Good
ACT-FH-7839-2113,148,22,70.38,14,90,83.93,243,A2,B1,High,Standard,63.0,12,Good
ACT-FH-7839-8432,145,22,70.85,14,90,81.21,241,A2,B1,Low,Standard,67.7,12,Bad
ACT-FH-7844-7272,144,22,70.65,14,90,82.16,243,A2,B2,High,Enriched,62.8,12,Good
ACT-FH-7853-5582,147,22,71.72,14,90,85.31,244,A1,B1,Low,Enriched,67.3,12,Good
ACT-FH-7859-2918,146,22,70.94,14,90,82.9,241,A2,B1,Low,Standard,67.2,12,Bad
ACT-FH-7859-7972,148,22,69.1,14,90,83.67,240,A2,B2,Low,Standard,69.8,12,Good
ACT-FH-7862-1520,145,22,71.29,14,90,84.35,240,A1,B2,Low,Enriched,61.1,12,Good
ACT-FH-7881-5648,144,22,69.72,14,90,82.4,243,A2,B2,Low,Standard,60.7,12,Bad
ACT-FH-7914-2222,145,22,70.02,14,90,83.85,243,A1,B2,High,Standard,67.5,12,Good
ACT-FH-7917-2818,145,22,70.03,14,90,80.91,243,A2,B1,High,Standard,66.3,12,Good
ACT-FH-7919-4199,147,22,70.52,14,90,85.15,241,A1,B2,Low,Enriched,67.8,12,Good
ACT-FH-7919-8816,147,22,71.86,14,90,82.45,241,A1,B1,High,Enriched,68.9,12,Bad
ACT-FH-7934-2175,145,22,70.97,14,90,82.51,240,A2,B1,High,Enriched,69.7,12,Good
ACT-FH-7943-2873,145,22,70.32,14,90,83.0,244,A2,B1,High,Enriched,66.3,12,Good
ACT-FH-7952-9613,147,22,70.25,14,90,82.43,244,A2,B2,High,Standard,63.5,12,Good
ACT-FH-7956-0029,147,22,72.19,14,90,83.67,243,A2,B2,Low,Standard,69.9,12,Good
ACT-FH-7964-0357,144,22,72.34,14,90,81.32,242,A1,B1,Low,Enriched,62.5,12,Bad
ACT-FH-7969-9529,145,22,70.01,14,90,83.23,242,A1,B2,High,Standard,69.5,12,Bad
ACT-FH-7977-8126,145,22,68.96,14,90,80.47,244,A2,B2,Low,Enriched,64.6,12,Good
ACT-FH-7990-1506,145,22,69.17,14,90,80.93,242,A2,B2,Low,Enriched,68.1,12,Good
ACT-FH-7992-8756,148,22,70.5,14,90,81.49,240,A2,B1,High,Enriched,68.3,12,Good
ACT-FH-8026-6352,144,22,72.2,14,90,85.02,241,A2,B1,Low,Standard,64.2,12,Bad
ACT-FH-8035-6587,147,22,72.13,14,90,83.15,242,A2,B1,High,Standard,61.9,12,Good
ACT-FH-8055-3534,146,22,69.6,14,90,80.86,242,A2,B1,High,Standard,68.7,12,Bad
ACT-FH-8056-3562,144,22,70.27,14,90,81.76,240,A1,B1,Low,Standard,60.2,12,Good
ACT-FH-8059-0072,144,22,71.3,14,90,82.81,244,A2,B1,Low,Standard,66.0,12,Good
ACT-FH-8074-8575,147,22,69.18,14,90,83.88,243,A2,B2,Low,Enriched,62.4,12,Good
ACT-FH-8079-9099,148,22,71.35,14,90,82.66,244,A1,B2,High,Enriched,64.2,12,Bad
ACT-FH-8090-5589,144,22,72.02,14,90,81.42,244,A2,B1,Low,Enriched,65.8,12,Good
ACT-FH-8096-4590,145,22,69.04,14,90,81.89,242,A2,B2,High,Standard,65.8,12,Good
ACT-FH-8100-6638,144,22,69.34,14,90,84.64,244,A1,B2,High,Standard,60.2,12,Bad
ACT-FH-8126-3292,147,22,71.38,14,90,82.9,241,A1,B1,Low,Enriched,66.7,12,Good
ACT-FH-8130-2644,144,22,70.84,14,90,83.56,243,A1,B1,Low,Enriched,67.8,12,Bad
ACT-FH-8137-6227,146,22,71.52,14,90,81.71,243,A2,B1,High,Enriched,62.6,12,Bad
ACT-FH-8181-0486,148,22,72.12,14,90,81.16,243,A1,B2,High,Standard,65.4,12,Good
ACT-FH-8182-7640,146,22,69.37,14,90,81.1,243,A2,B1,High,Standard,69.1,12,Bad
ACT-FH-8184-2560,144,22,72.31,14,90,83.04,244,A2,B1,High,Enriched,60.8,12,Good
ACT-FH-8191-2970,146,22,71.81,14,90,81.56,244,A1,B1,Low,Enriched,63.8,12,Good
ACT-FH-8194-0524,148,22,70.78,14,90,81.41,240,A2,B1,Low,Enriched,62.9,12,Good
ACT-FH-8206-6362,144,22,72.27,14,90,80.89,244,A2,B2,High,Enriched,67.4,12,Bad
ACT-FH-8221-6241,147,22,70.06,14,90,82.64,243,A1,B2,High,Standard,69.7,12,Bad
ACT-FH-8226-1698,148,22,70.39,14,90,84.92,243,A1,B2,High,Standard,65.9,12,Good
ACT-FH-8231-0776,145,22,71.69,14,90,82.32,243,A2,B1,High,Enriched,66.8,12,Good
ACT-FH-8251-9416,146,22,71.75,14,90,82.64,241,A1,B1,Low,Enriched,69.6,12,Good
ACT-FH-8262-3657,147,22,70.1,14,90,83.83,241,A2,B1,Low,Standard,69.4,12,Good
ACT-FH-8269-5953,146,22,72.24,14,90,80.71,240,A1,B1,Low,Standard,65.9,12,Bad
ACT-FH-8275-8476,148,22,71.37,14,90,83.26,242,A1,B2,High,Standard,61.8,12,Good
ACT-FH-8293-6345,147,22,71.59,14,90,83.75,242,A2,B1,High,Enriched,65.5,12,Good
ACT-FH-8315-0631,144,22,68.97,14,90,82.76,244,A2,B2,Low,Enriched,66.1,12,Good
ACT-FH-8325-5148,147,22,70.95,14,90,83.49,243,A2,B2,High,Standard,63.6,12,Good
ACT-FH-8330-1390,146,22,68.88,14,90,81.24,240,A1,B2,Low,Enriched,65.1,12,Good
ACT-FH-8337-6180,146,22,69.18,14,90,82.27,243,A1,B1,Low,Standard,69.9,12,Good
ACT-FH-8340-9104,148,22,71.85,14,90,81.91,242,A1,B1,Low,Enriched,64.5,12,Good
ACT-FH-8351-8674,145,22,70.46,14,90,84.48,242,A1,B1,High,Standard,64.2,12,Bad
ACT-FH-8356-5127,144,22,70.62,14,90,82.9,243,A1,B2,High,Enriched,64.2,12,Good
ACT-FH-8365-4294,145,22,72.28,14,90,83.21,242,A2,B1,Low,Enriched,66.1,12,Bad
ACT-FH-8370-4540,146,22,69.34,14,90,80.46,243,A1,B2,Low,Enriched,61.4,12,Bad
ACT-FH-8376-0333,148,22,68.91,14,90,84.15,244,A1,B1,High,Standard,67.9,12,Good
ACT-FH-8384-7161,148,22,69.9,14,90,83.39,241,A2,B1,High,Standard,63.8,12,Good
ACT-FH-8404-9125,144,22,71.41,14,90,84.1,244,A2,B2,High,Standard,68.8,12,Good
ACT-FH-8411-9775,147,22,69.03,14,90,83.53,244,A1,B2,Low,Enriched,60.3,12,Good
ACT-FH-8412-6382,147,22,69.42,14,90,81.31,241,A1,B2,High,Standard,68.3,12,Good
ACT-FH-8413-1952,145,22,72.39,14,90,80.87,242,A1,B1,Low,Enriched,69.7,12,Good
ACT-FH-8417-4624,147,22,70.34,14,90,81.06,240,A1,B2,High,Enriched,64.3,12,Good
ACT-FH-8420-5180,147,22,70.38,14,90,83.95,240,A2,B2,High,Enriched,64.6,12,Good
ACT-FH-8429-0537,147,22,71.93,14,90,84.96,240,A1,B1,Low,Standard,68.2,12,Good
ACT-FH-8429-0603,145,22,72.45,14,90,82.35,243,A1,B2,High,Standard,61.5,12,Good
ACT-FH-8431-8603,148,22,71.47,14,90,82.26,242,A1,B1,Low,Standard,61.7,12,Bad
ACT-FH-8442-8671,144,22,69.83,14,90,84.0,240,A1,B2,High,Enriched,69.3,12,Good
ACT-FH-8463-3143,144,22,68.96,14,90,82.62,243,A2,B1,High,Standard,67.5,12,Good
ACT-FH-8475-4526,146,22,69.16,14,90,82.72,244,A2,B2,Low,Standard,68.3,12,Good
ACT-FH-8482-9450,145,22,72.44,14,90,83.95,241,A1,B1,Low,Enriched,61.8,12,Good
ACT-FH-8499-1317,145,22,72.11,14,90,84.59,241,A1,B1,High,Standard,66.8,12,Bad
ACT-FH-8512-9009,146,22,69.65,14,90,84.59,240,A2,B2,High,Enriched,63.4,12,Good
ACT-FH-8518-1431,144,22,71.68,14,90,82.49,240,A2,B2,Low,Standard,68.0,12,Bad
ACT-FH-8523-4660,146,22,69.12,14,90,80.34,243,A1,B2,Low,Enriched,61.4,12,Good
ACT-FH-8540-5310,148,22,71.39,14,90,84.03,240,A1,B1,High,Standard,68.9,12,Bad
ACT-FH-8548-1217,148,22,71.97,14,90,82.01,241,A2,B2,Low,Enriched,68.7,12,Good
ACT-FH-8555-1401,147,22,72.43,14,90,82.64,241,A2,B2,Low,Enriched,69.7,12,Bad
ACT-FH-8557-2453,148,22,70.62,14,90,84.97,243,A2,B1,High,Standard,61.4,12,Bad
ACT-FH-8558-6663,144,22,69.37,14,90,83.97,244,A1,B1,High,Standard,63.4,12,Good
ACT-FH-8567-1042,144,22,71.77,14,90,81.01,243,A2,B1,Low,Standard,61.4,12,Good
ACT-FH-8586-9204,146,22,71.28,14,90,82.5,244,A1,B2,High,Standard,69.2,12,Bad
ACT-FH-8591-3154,146,22,72.07,14,90,82.61,244,A1,B1,High,Standard,69.3,12,Bad
ACT-FH-8593-1035,145,22,69.78,14,90,85.32,244,A1,B2,Low,Standard,66.9,12,Bad
ACT-FH-8599-2453,145,22,72.35,14,90,82.47,244,A1,B1,Low,Enriched,67.7,12,Good
ACT-FH-8600-1287,146,22,70.24,14,90,81.94,242,A1,B1,High,Enriched,69.8,12,Good
ACT-FH-8605-9281,145,22,72.09,14,90,80.42,241,A1,B2,High,Standard,60.9,12,Good
ACT-FH-8606-0520,146,22,69.27,14,90,81.91,244,A1,B2,Low,Enriched,69.5,12,Good
ACT-FH-8607-5787,144,22,69.21,14,90,83.63,244,A2,B1,High,Enriched,67.2,12,Good
ACT-FH-8617-9921,144,22,71.78,14,90,81.49,240,A1,B1,Low,Enriched,69.9,12,Good
ACT-FH-8625-9251,146,22,70.99,14,90,81.56,240,A1,B2,Low,Enriched,69.3,12,Bad
ACT-FH-8630-6310,146,22,71.01,14,90,84.1,244,A1,B1,High,Standard,68.1,12,Bad
ACT-FH-8654-1707,148,22,69.26,14,90,82.35,243,A2,B1,Low,Standard,67.5,12,Good
ACT-FH-8655-6379,144,22,71.31,14,90,80.34,244,A2,B2,High,Standard,68.3,12,Good
ACT-FH-8658-8352,145,22,69.89,14,90,81.45,244,A1,B1,High,Standard,61.8,12,Good
ACT-FH-8666-1016,146,22,70.05,14,90,82.84,244,A1,B1,Low,Standard,68.4,12,Good
ACT-FH-8674-4911,145,22,69.49,14,90,84.79,243,A1,B1,Low,Standard,65.2,12,Good
ACT-FH-8676-7267,147,22,71.53,14,90,81.03,241,A2,B2,High,Standard,60.4,12,Bad
ACT-FH-8676-9288,146,22,72.04,14,90,83.42,241,A1,B2,Low,Standard,69.3,12,Good
ACT-FH-8678-0751,148,22,70.73,14,90,82.0,242,A2,B1,Low,Enriched,62.7,12,Good
ACT-FH-8679-0372,147,22,70.8,14,90,84.43,244,A1,B2,High,Standard,64.6,12,Good
ACT-FH-8683-0193,147,22,72.22,14,90,84.91,244,A2,B2,High,Standard,60.6,12,Good
ACT-FH-8690-6696,147,22,70.89,14,90,82.87,241,A1,B2,Low,Standard,63.8,12,Good
ACT-FH-8706-4587,148,22,72.28,14,90,83.33,243,A1,B1,High,Enriched,60.9,12,Bad
ACT-FH-8706-8735,147,22,71.92,14,90,80.97,241,A2,B2,High,Standard,62.0,12,Good
ACT-FH-8716-5071,146,22,72.45,14,90,83.84,241,A2,B2,High,Standard,63.1,12,Good
ACT-FH-8734-3884,147,22,69.96,14,90,82.06,244,A2,B1,High,Enriched,69.7,12,Good
ACT-FH-8742-5556,146,22,69.93,14,90,83.55,240,A2,B2,High,Standard,68.8,12,Bad
ACT-FH-8764-8510,144,22,71.82,14,90,81.37,244,A2,B1,High,Enriched,62.6,12,Good
ACT-FH-8775-5660,147,22,71.88,14,90,82.01,244,A2,B1,Low,Standard,60.5,12,Good
ACT-FH-8776-0322,148,22,68.93,14,90,82.21,242,A2,B2,High,Standard,62.5,12,Good
ACT-FH-8777-9324,144,22,69.23,14,90,84.9,244,A2,B1,High,Standard,64.3,12,Good
ACT-FH-8782-3417,147,22,70.45,14,90,82.5,241,A1,B1,Low,Standard,65.4,12,Bad
ACT-FH-8792-4594,145,22,72.5,14,90,85.28,240,A1,B1,High,Standard,60.6,12,Good
ACT-FH-8807-5374,145,22,70.27,14,90,80.78,244,A2,B1,High,Standard,69.1,12,Bad
ACT-FH-8808-6541,145,22,71.04,14,90,80.52,244,A1,B2,High,Standard,66.6,12,Good
ACT-FH-8826-3790,144,22,68.99,14,90,80.93,244,A2,B2,High,Standard,69.1,12,Good
ACT-FH-8837-5917,145,22,71.45,14,90,85.06,241,A2,B1,Low,Enriched,62.6,12,Good
ACT-FH-8837-8145,146,22,72.4,14,90,81.56,240,A2,B1,Low,Standard,66.7,12,Good
ACT-FH-8838-9570,145,22,69.43,14,90,81.52,241,A2,B1,High,Enriched,61.8,12,Good
ACT-FH-8843-6382,148,22,71.73,14,90,84.06,244,A2,B2,High,Enriched,61.4,12,Good
ACT-FH-8846-5239,144,22,72.35,14,90,82.02,243,A2,B1,Low,Standard,61.8,12,Good
ACT-FH-8848-7831,144,22,71.52,14,90,80.36,241,A2,B1,Low,Enriched,60.4,12,Good
ACT-FH-8866-7729,148,22,70.37,14,90,85.17,241,A1,B1,High,Enriched,62.1,12,Good
ACT-FH-8875-5446,145,22,72.22,14,90,85.33,244,A2,B2,High,Enriched,63.7,12,Bad
ACT-FH-8891-1153,147,22,71.85,14,90,83.23,242,A2,B1,High,Standard,63.7,12,Good
ACT-FH-8898-0412,144,22,69.36,14,90,82.3,244,A1,B2,Low,Standard,67.3,12,Good
ACT-FH-8925-3960,147,22,71.93,14,90,84.85,244,A2,B2,High,Standard,63.6,12,Good
ACT-FH-8936-4463,147,22,72.45,14,90,81.2,243,A1,B1,Low,Enriched,61.5,12,Good
ACT-FH-8949-1145,146,22,69.48,14,90,81.88,242,A1,B2,High,Standard,63.6,12,Good
ACT-FH-8952-2755,148,22,69.96,14,90,83.13,242,A1,B1,High,Standard,61.6,12,Good
ACT-FH-8959-6538,146,22,68.95,14,90,82.38,241,A1,B2,Low,Enriched,66.5,12,Good
ACT-FH-8963-9158,148,22,72.25,14,90,80.85,242,A1,B2,High,Enriched,60.5,12,Good
ACT-FH-8971-1303,148,22,72.02,14,90,84.98,242,A2,B2,Low,Enriched,68.1,12,Good
ACT-FH-8986-5450,148,22,70.01,14,90,82.42,243,A1,B2,Low,Standard,64.5,12,Good
ACT-FH-8988-8446,148,22,70.24,14,90,83.9,241,A1,B2,High,Enriched,61.1,12,Good
ACT-FH-9032-5379,148,22,71.97,14,90,83.61,242,A2,B2,Low,Enriched,62.8,12,Bad
ACT-FH-9042-3519,146,22,69.09,14,90,80.34,242,A2,B2,Low,Standard,61.9,12,Good
ACT-FH-9065-2351,146,22,70.56,14,90,83.78,244,A2,B1,Low,Standard,61.8,12,Bad
ACT-FH-9068-6003,146,22,72.37,14,90,83.46,243,A2,B1,Low,Enriched,69.7,12,Good
ACT-FH-9091-7524,144,22,72.27,14,90,81.21,243,A2,B1,Low,Standard,63.2,12,Bad
ACT-FH-9099-7036,144,22,69.91,14,90,84.12,241,A2,B1,Low,Enriched,64.8,12,Good
ACT-FH-9101-9432,146,22,69.81,14,90,83.78,240,A2,B2,Low,Enriched,68.1,12,Good
ACT-FH-9123-5083,145,22,71.45,14,90,84.28,244,A1,B2,High,Enriched,64.4,12,Bad
ACT-FH-9129-2923,146,22,71.36,14,90,81.93,244,A2,B1,High,Standard,66.0,12,Good
ACT-FH-9143-3814,145,22,70.0,14,90,83.99,242,A2,B2,Low,Enriched,60.9,12,Bad
ACT-FH-9152-2842,147,22,69.93,14,90,82.22,241,A1,B1,High,Standard,60.7,12,Bad
ACT-FH-9154-8128,147,22,71.52,14,90,82.43,243,A1,B2,High,Standard,64.8,12,Good
ACT-FH-9158-8351,146,22,71.39,14,90,85.29,242,A2,B1,Low,Standard,61.6,12,Good
ACT-FH-9162-1283,144,22,69.29,14,90,83.99,240,A2,B2,Low,Enriched,64.8,12,Good
ACT-FH-9167-0380,146,22,72.35,14,90,81.58,244,A2,B2,High,Standard,66.2,12,Good
ACT-FH-9176-8641,148,22,69.73,14,90,80.82,242,A1,B2,High,Standard,67.3,12,Good
ACT-FH-9186-0037,146,22,70.85,14,90,83.52,243,A1,B1,High,Enriched,69.9,12,Good
ACT-FH-9191-7165,148,22,69.12,14,90,81.3,243,A2,B2,High,Enriched,66.0,12,Bad
ACT-FH-9196-0371,147,22,70.14,14,90,82.07,244,A2,B2,High,Enriched,69.2,12,Bad
ACT-FH-9197-1872,146,22,70.64,14,90,83.69,241,A1,B1,High,Standard,60.4,12,Good
ACT-FH-9202-0289,144,22,71.64,14,90,81.37,240,A2,B1,Low,Standard,63.2,12,Good
ACT-FH-9204-5817,148,22,72.42,14,90,82.55,242,A1,B2,Low,Enriched,65.3,12,Bad
ACT-FH-9212-7112,146,22,69.3,14,90,80.46,241,A2,B1,Low,Standard,62.7,12,Bad
ACT-FH-9242-2182,146,22,69.47,14,90,85.06,241,A1,B2,High,Standard,69.0,12,Good
ACT-FH-9262-6738,148,22,71.43,14,90,82.35,240,A2,B1,Low,Enriched,62.4,12,Good
ACT-FH-9264-9332,147,22,70.51,14,90,83.01,244,A2,B2,High,Standard,65.3,12,Bad
ACT-FH-9273-5430,144,22,69.07,14,90,83.36,243,A1,B2,High,Enriched,64.3,12,Good
ACT-FH-9286-9202,144,22,71.58,14,90,85.01,240,A1,B1,High,Enriched,60.7,12,Good
ACT-FH-9291-3687,145,22,69.71,14,90,84.78,244,A1,B2,High,Standard,65.6,12,Good
ACT-FH-9305-8144,144,22,70.88,14,90,82.88,241,A1,B2,High,Enriched,66.8,12,Good
ACT-FH-9306-2347,146,22,71.67,14,90,81.36,241,A1,B2,High,Standard,60.8,12,Good
ACT-FH-9307-1899,144,22,68.92,14,90,84.07,242,A1,B1,High,Standard,65.4,12,Good
ACT-FH-9314-4661,147,22,70.17,14,90,84.28,243,A1,B2,Low,Enriched,65.5,12,Good
ACT-FH-9347-3195,146,22,71.41,14,90,84.79,241,A2,B1,High,Standard,69.3,12,Good
ACT-FH-9366-8137,146,22,69.2,14,90,81.16,240,A2,B2,Low,Standard,60.4,12,Good
ACT-FH-9374-0702,147,22,70.09,14,90,85.31,240,A1,B1,Low,Enriched,61.8,12,Bad
ACT-FH-9374-7522,148,22,72.41,14,90,80.55,244,A2,B2,High,Enriched,61.6,12,Good
ACT-FH-9378-0422,147,22,71.44,14,90,83.33,242,A2,B2,High,Standard,63.5,12,Good
ACT-FH-9389-0159,146,22,69.87,14,90,82.28,243,A1,B2,High,Standard,69.4,12,Bad
ACT-FH-9390-6030,147,22,69.32,14,90,80.58,244,A1,B2,High,Enriched,62.3,12,Good
ACT-FH-9398-0598,145,22,70.35,14,90,84.89,243,A1,B1,Low,Standard,67.9,12,Bad
ACT-FH-9409-7387,147,22,69.5,14,90,82.63,244,A2,B1,High,Standard,66.9,12,Good
ACT-FH-9428-4851,148,22,72.49,14,90,84.67,243,A2,B2,High,Enriched,65.0,12,Good
ACT-FH-9429-7619,146,22,71.88,14,90,85.29,244,A2,B2,High,Standard,67.1,12,Good
ACT-FH-9433-2281,144,22,69.99,14,90,80.45,242,A1,B1,Low,Standard,69.7,12,Good
ACT-FH-9434-4685,146,22,72.0,14,90,80.37,242,A1,B2,High,Standard,67.4,12,Bad
ACT-FH-9445-3691,144,22,70.2,14,90,81.24,243,A1,B2,High,Enriched,68.6,12,Bad
ACT-FH-9446-2081,148,22,70.47,14,90,80.7,241,A1,B2,Low,Enriched,65.7,12,Good
ACT-FH-9452-2914,148,22,70.59,14,90,84.36,243,A2,B1,Low,Standard,62.3,12,Good
ACT-FH-9456-6406,145,22,70.83,14,90,84.39,240,A2,B1,High,Enriched,66.7,12,Bad
ACT-FH-9458-8122,144,22,69.73,14,90,85.09,241,A2,B2,Low,Standard,69.0,12,Bad
ACT-FH-9461-4117,144,22,71.9,14,90,83.26,241,A2,B1,High,Enriched,61.4,12,Good
ACT-FH-9490-3300,144,22,70.77,14,90,83.83,244,A2,B2,High,Enriched,60.4,12,Bad
ACT-FH-9495-0214,148,22,70.74,14,90,84.57,240,A1,B1,High,Standard,69.8,12,Good
ACT-FH-9495-9682,144,22,70.95,14,90,82.99,244,A1,B1,High,Enriched,61.8,12,Bad
ACT-FH-9505-1780,144,22,70.66,14,90,82.79,241,A2,B2,High,Standard,60.3,12,Bad
ACT-FH-9513-7268,144,22,68.97,14,90,84.95,244,A2,B1,Low,Standard,69.1,12,Good
ACT-FH-9516-1078,145,22,71.14,14,90,81.93,243,A1,B2,High,Standard,65.0,12,Bad
ACT-FH-9536-7232,146,22,70.79,14,90,83.74,241,A1,B1,Low,Enriched,69.0,12,Good
ACT-FH-9539-7377,144,22,70.61,14,90,84.41,243,A2,B2,High,Standard,68.7,12,Good
ACT-FH-9549-2085,146,22,72.49,14,90,80.82,242,A2,B2,Low,Standard,61.7,12,Good
ACT-FH-9551-8574,144,22,71.37,14,90,81.63,243,A1,B2,High,Standard,65.8,12,Good
ACT-FH-9562-6489,148,22,70.16,14,90,85.14,243,A2,B1,High,Enriched,62.3,12,Good
ACT-FH-9585-4433,148,22,71.89,14,90,81.97,240,A2,B2,Low,Standard,61.2,12,Bad
ACT-FH-9599-8548,148,22,71.38,14,90,81.11,242,A1,B1,Low,Standard,67.3,12,Good
ACT-FH-9606-8700,146,22,71.3,14,90,82.91,244,A2,B2,Low,Enriched,61.3,12,Bad
ACT-FH-9608-6919,144,22,72.33,14,90,83.26,241,A1,B2,High,Enriched,64.2,12,Bad
ACT-FH-9615-2696,145,22,68.95,14,90,84.64,240,A1,B2,Low,Standard,62.4,12,Good
ACT-FH-9661-5887,144,22,70.95,14,90,83.57,241,A2,B2,Low,Standard,66.5,12,Good
ACT-FH-9668-9743,148,22,69.21,14,90,82.87,242,A2,B1,High,Standard,64.9,12,Good
ACT-FH-9670-6442,145,22,70.28,14,90,83.69,243,A2,B2,High,Standard,65.6,12,Good
ACT-FH-9672-3642,144,22,71.67,14,90,81.34,244,A2,B1,Low,Enriched,60.7,12,Bad
ACT-FH-9674-4519,144,22,69.54,14,90,80.45,243,A2,B1,High,Standard,60.8,12,Good
ACT-FH-9674-6855,147,22,70.05,14,90,80.87,240,A2,B2,High,Enriched,69.7,12,Bad
ACT-FH-9678-1258,147,22,69.84,14,90,82.73,241,A1,B1,High,Standard,66.3,12,Good
ACT-FH-9690-0730,146,22,71.24,14,90,81.15,244,A1,B2,High,Enriched,62.6,12,Bad
ACT-FH-9695-6939,144,22,69.28,14,90,85.02,242,A1,B1,Low,Standard,66.9,12,Good
ACT-FH-9698-2165,145,22,71.78,14,90,80.99,243,A1,B2,Low,Standard,62.7,12,Good
ACT-FH-9700-3204,145,22,68.85,14,90,82.79,243,A1,B1,High,Standard,61.8,12,Good
ACT-FH-9702-0732,146,22,69.79,14,90,81.93,242,A1,B2,Low,Standard,61.1,12,Good
ACT-FH-9712-5781,146,22,71.47,14,90,85.28,240,A1,B2,High,Enriched,61.1,12,Good
ACT-FH-9720-0559,147,22,71.94,14,90,84.86,242,A2,B1,Low,Standard,61.1,12,Good
ACT-FH-9730-6425,145,22,71.75,14,90,84.32,244,A1,B1,Low,Enriched,61.5,12,Bad
ACT-FH-9732-0794,145,22,69.36,14,90,83.69,242,A2,B2,High,Standard,61.6,12,Good
ACT-FH-9735-8852,147,22,71.75,14,90,80.94,242,A2,B2,High,Enriched,68.0,12,Good
ACT-FH-9738-4643,146,22,68.95,14,90,81.28,240,A2,B2,Low,Standard,65.2,12,Good
ACT-FH-9738-5584,148,22,71.06,14,90,84.71,241,A2,B1,Low,Standard,62.6,12,Good
ACT-FH-9755-5685,147,22,71.42,14,90,82.3,243,A1,B2,Low,Enriched,64.1,12,Good
ACT-FH-9758-4257,144,22,71.26,14,90,80.39,243,A2,B2,Low,Enriched,68.1,12,Good
ACT-FH-9767-6209,145,22,69.81,14,90,83.88,244,A2,B1,High,Enriched,64.5,12,Good
ACT-FH-9790-6535,144,22,71.19,14,90,81.14,242,A1,B2,Low,Enriched,63.7,12,Good
ACT-FH-9791-4314,144,22,70.15,14,90,83.54,244,A1,B2,Low,Standard,60.5,12,Good
ACT-FH-9792-7005,147,22,72.26,14,90,80.79,244,A2,B2,High,Standard,68.0,12,Bad
ACT-FH-9795-3657,148,22,71.45,14,90,81.28,243,A2,B1,High,Enriched,68.1,12,Good
ACT-FH-9809-5651,147,22,70.49,14,90,83.68,244,A2,B1,High,Enriched,68.0,12,Good
ACT-FH-9810-3602,148,22,69.4,14,90,85.01,241,A1,B1,Low,Standard,60.2,12,Good
ACT-FH-9818-3650,146,22,68.92,14,90,85.32,240,A2,B2,High,Enriched,64.0,12,Good
ACT-FH-9821-1703,145,22,69.99,14,90,83.95,242,A1,B1,Low,Standard,60.6,12,Good
ACT-FH-9835-7239,148,22,70.21,14,90,80.47,244,A1,B2,High,Enriched,68.4,12,Bad
ACT-FH-9836-8340,147,22,72.0,14,90,80.82,241,A2,B2,High,Enriched,69.1,12,Bad
ACT-FH-9849-3590,146,22,71.36,14,90,82.76,240,A2,B2,Low,Enriched,67.9,12,Good
ACT-FH-9853-9314,144,22,68.88,14,90,82.77,242,A1,B2,High,Standard,62.1,12,Good
ACT-FH-9857-0113,146,22,72.19,14,90,82.33,242,A2,B1,High,Enriched,66.5,12,Good
ACT-FH-9863-7875,147,22,71.86,14,90,84.17,240,A1,B1,Low,Enriched,67.8,12,Bad
ACT-FH-9868-5569,147,22,69.12,14,90,80.84,240,A1,B1,High,Standard,62.3,12,Good
ACT-FH-9872-0003,145,22,71.97,14,90,84.29,244,A1,B1,High,Enriched,66.9,12,Good
ACT-FH-9877-0538,147,22,69.12,14,90,81.45,243,A1,B2,High,Enriched,60.2,12,Good
ACT-FH-9883-2528,145,22,69.61,14,90,83.3,243,A1,B1,Low,Standard,62.7,12,Good
ACT-FH-9891-1130,146,22,70.16,14,90,84.61,244,A1,B2,Low,Enriched,67.2,12,Bad
ACT-FH-9901-5300,144,22,72.36,14,90,80.88,240,A1,B1,Low,Enriched,64.1,12,Bad
ACT-FH-9915-0392,146,22,71.27,14,90,84.52,243,A1,B2,High,Enriched,60.4,12,Good
ACT-FH-9916-3281,146,22,69.65,14,90,85.17,241,A2,B1,High,Enriched,63.2,12,Good
ACT-FH-9916-5341,147,22,69.23,14,90,83.06,240,A2,B2,High,Standard,60.8,12,Good
ACT-FH-9925-2349,145,22,70.54,14,90,83.17,241,A1,B2,Low,Enriched,63.3,12,Good
ACT-FH-9932-1616,145,22,69.36,14,90,80.33,242,A1,B2,High,Enriched,63.5,12,Good
ACT-FH-9936-8976,145,22,70.44,14,90,81.07,244,A1,B2,High,Standard,67.9,12,Good
ACT-FH-9969-3663,148,22,69.89,14,90,83.04,240,A2,B2,Low,Standard,65.3,12,Good
ACT-FH-9969-5176,148,22,70.01,14,90,82.96,241,A2,B1,High,Standard,66.8,12,Good
